1491,1,Bayern Munich,2011-08-07,Bayern Munich,M'gladbach,0,1,A
1094,1,Bayern Munich,2011-08-13,Wolfsburg,Bayern Munich,0,1,A
1211,1,Bayern Munich,2011-08-20,Bayern Munich,Hamburg,5,0,H
1104,1,Bayern Munich,2011-08-27,Kaiserslautern,Bayern Munich,0,3,A
1197,1,Bayern Munich,2011-09-10,Bayern Munich,Freiburg,7,0,H
1100,1,Bayern Munich,2011-09-18,Schalke 04,Bayern Munich,0,2,A
1262,1,Bayern Munich,2011-09-24,Bayern Munich,Leverkusen,3,0,H
1102,1,Bayern Munich,2011-10-01,Hoffenheim,Bayern Munich,0,0,D
1401,1,Bayern Munich,2011-10-15,Bayern Munich,Hertha,4,0,H
1101,1,Bayern Munich,2011-10-23,Hannover,Bayern Munich,2,1,H
1293,1,Bayern Munich,2011-10-29,Bayern Munich,Nurnberg,4,0,H
1106,1,Bayern Munich,2011-11-06,Augsburg,Bayern Munich,1,2,A
1122,1,Bayern Munich,2011-11-19,Bayern Munich,Dortmund,0,1,A
1095,1,Bayern Munich,2011-11-27,Mainz,Bayern Munich,3,2,H
1335,1,Bayern Munich,2011-12-03,Bayern Munich,Werder Bremen,4,1,H
1093,1,Bayern Munich,2011-12-11,Stuttgart,Bayern Munich,1,2,A
1178,1,Bayern Munich,2011-12-16,Bayern Munich,FC Koln,3,0,H
1097,1,Bayern Munich,2012-01-20,M'gladbach,Bayern Munich,3,1,H
1481,1,Bayern Munich,2012-01-28,Bayern Munich,Wolfsburg,2,0,H
1098,1,Bayern Munich,2012-02-04,Hamburg,Bayern Munich,1,1,D
1235,1,Bayern Munich,2012-02-11,Bayern Munich,Kaiserslautern,2,0,H
1096,1,Bayern Munich,2012-02-18,Freiburg,Bayern Munich,0,0,D
1310,1,Bayern Munich,2012-02-26,Bayern Munich,Schalke 04,2,0,H
1103,1,Bayern Munich,2012-03-03,Leverkusen,Bayern Munich,2,0,H
1643,1,Bayern Munich,2012-03-10,Bayern Munich,Hoffenheim,7,1,H
1105,1,Bayern Munich,2012-03-17,Hertha,Bayern Munich,0,6,A
1364,1,Bayern Munich,2012-03-24,Bayern Munich,Hannover,2,1,H
1092,1,Bayern Munich,2012-03-31,Nurnberg,Bayern Munich,0,1,A
1623,1,Bayern Munich,2012-04-07,Bayern Munich,Augsburg,2,1,H
1108,1,Bayern Munich,2012-04-11,Dortmund,Bayern Munich,1,0,H
1428,1,Bayern Munich,2012-04-14,Bayern Munich,Mainz,0,0,D
1099,1,Bayern Munich,2012-04-21,Werder Bremen,Bayern Munich,1,2,A
1324,1,Bayern Munich,2012-04-28,Bayern Munich,Stuttgart,2,0,H
1107,1,Bayern Munich,2012-05-05,FC Koln,Bayern Munich,1,4,A
1219,2,Dortmund,2011-08-05,Dortmund,Hamburg,3,1,H
1113,2,Dortmund,2011-08-13,Hoffenheim,Dortmund,1,0,H
1295,2,Dortmund,2011-08-20,Dortmund,Nurnberg,2,0,H
1109,2,Dortmund,2011-08-27,Leverkusen,Dortmund,0,0,D
1407,2,Dortmund,2011-09-10,Dortmund,Hertha,1,2,A
1118,2,Dortmund,2011-09-18,Hannover,Dortmund,2,1,H
1124,2,Dortmund,2011-09-24,Mainz,Dortmund,1,2,A
1634,2,Dortmund,2011-10-01,Dortmund,Augsburg,4,0,H
1123,2,Dortmund,2011-10-14,Werder Bremen,Dortmund,0,2,A
1179,2,Dortmund,2011-10-22,Dortmund,FC Koln,5,0,H
1114,2,Dortmund,2011-10-29,Stuttgart,Dortmund,1,1,D
1468,2,Dortmund,2011-11-05,Dortmund,Wolfsburg,5,1,H
1122,2,Dortmund,2011-11-19,Bayern Munich,Dortmund,0,1,A
1304,2,Dortmund,2011-11-26,Dortmund,Schalke 04,2,0,H
1116,2,Dortmund,2011-12-03,M'gladbach,Dortmund,1,1,D
1233,2,Dortmund,2011-12-11,Dortmund,Kaiserslautern,1,1,D
1110,2,Dortmund,2011-12-17,Freiburg,Dortmund,1,4,A
1115,2,Dortmund,2012-01-22,Hamburg,Dortmund,1,5,A
1637,2,Dortmund,2012-01-28,Dortmund,Hoffenheim,3,1,H
1112,2,Dortmund,2012-02-03,Nurnberg,Dortmund,0,2,A
1268,2,Dortmund,2012-02-11,Dortmund,Leverkusen,1,0,H
1111,2,Dortmund,2012-02-18,Hertha,Dortmund,0,1,A
1373,2,Dortmund,2012-02-26,Dortmund,Hannover,3,1,H
1425,2,Dortmund,2012-03-03,Dortmund,Mainz,2,1,H
1120,2,Dortmund,2012-03-10,Augsburg,Dortmund,0,0,D
1333,2,Dortmund,2012-03-17,Dortmund,Werder Bremen,1,0,H
1119,2,Dortmund,2012-03-25,FC Koln,Dortmund,1,6,A
1317,2,Dortmund,2012-03-30,Dortmund,Stuttgart,4,4,D
1121,2,Dortmund,2012-04-07,Wolfsburg,Dortmund,1,3,A
1108,2,Dortmund,2012-04-11,Dortmund,Bayern Munich,1,0,H
1117,2,Dortmund,2012-04-14,Schalke 04,Dortmund,1,2,A
1492,2,Dortmund,2012-04-21,Dortmund,M'gladbach,2,0,H
1125,2,Dortmund,2012-04-28,Kaiserslautern,Dortmund,2,5,A
1207,2,Dortmund,2012-05-05,Dortmund,Freiburg,4,0,H
1276,3,Leverkusen,2011-08-07,Mainz,Leverkusen,2,0,H
1343,3,Leverkusen,2011-08-14,Leverkusen,Werder Bremen,1,0,H
1278,3,Leverkusen,2011-08-20,Stuttgart,Leverkusen,0,1,A
1109,3,Leverkusen,2011-08-27,Leverkusen,Dortmund,0,0,D
1273,3,Leverkusen,2011-09-09,Augsburg,Leverkusen,1,4,A
1188,3,Leverkusen,2011-09-17,Leverkusen,FC Koln,1,4,A
1262,3,Leverkusen,2011-09-24,Bayern Munich,Leverkusen,3,0,H
1469,3,Leverkusen,2011-10-01,Leverkusen,Wolfsburg,3,1,H
1274,3,Leverkusen,2011-10-15,M'gladbach,Leverkusen,2,2,D
1305,3,Leverkusen,2011-10-23,Leverkusen,Schalke 04,0,1,A
1277,3,Leverkusen,2011-10-28,Freiburg,Leverkusen,0,1,A
1226,3,Leverkusen,2011-11-05,Leverkusen,Hamburg,2,2,D
1265,3,Leverkusen,2011-11-18,Kaiserslautern,Leverkusen,0,2,A
1263,3,Leverkusen,2011-11-26,Hertha,Leverkusen,3,3,D
1640,3,Leverkusen,2011-12-02,Leverkusen,Hoffenheim,2,0,H
1275,3,Leverkusen,2011-12-10,Hannover,Leverkusen,0,0,D
1284,3,Leverkusen,2011-12-17,Leverkusen,Nurnberg,0,3,A
1422,3,Leverkusen,2012-01-22,Leverkusen,Mainz,3,2,H
1272,3,Leverkusen,2012-01-28,Werder Bremen,Leverkusen,1,1,D
1318,3,Leverkusen,2012-02-04,Leverkusen,Stuttgart,2,2,D
1268,3,Leverkusen,2012-02-11,Dortmund,Leverkusen,1,0,H
1631,3,Leverkusen,2012-02-18,Leverkusen,Augsburg,4,1,H
1269,3,Leverkusen,2012-02-25,FC Koln,Leverkusen,0,2,A
1103,3,Leverkusen,2012-03-03,Leverkusen,Bayern Munich,2,0,H
1271,3,Leverkusen,2012-03-10,Wolfsburg,Leverkusen,3,2,H
1483,3,Leverkusen,2012-03-17,Leverkusen,M'gladbach,1,2,A
1264,3,Leverkusen,2012-03-24,Schalke 04,Leverkusen,2,0,H
1206,3,Leverkusen,2012-03-31,Leverkusen,Freiburg,0,2,A
1267,3,Leverkusen,2012-04-08,Hamburg,Leverkusen,1,1,D
1234,3,Leverkusen,2012-04-11,Leverkusen,Kaiserslautern,3,1,H
1410,3,Leverkusen,2012-04-14,Leverkusen,Hertha,3,3,D
1266,3,Leverkusen,2012-04-21,Hoffenheim,Leverkusen,0,1,A
1372,3,Leverkusen,2012-04-28,Leverkusen,Hannover,1,0,H
1270,3,Leverkusen,2012-05-05,Nurnberg,Leverkusen,1,4,A
1311,5,Schalke 04,2011-08-06,Stuttgart,Schalke 04,3,0,H
1180,5,Schalke 04,2011-08-13,Schalke 04,FC Koln,5,1,H
1312,5,Schalke 04,2011-08-21,Mainz,Schalke 04,2,4,A
1486,5,Schalke 04,2011-08-28,Schalke 04,M'gladbach,1,0,H
1298,5,Schalke 04,2011-09-11,Wolfsburg,Schalke 04,2,1,H
1100,5,Schalke 04,2011-09-18,Schalke 04,Bayern Munich,0,2,A
1195,5,Schalke 04,2011-09-24,Schalke 04,Freiburg,4,2,H
1309,5,Schalke 04,2011-10-02,Hamburg,Schalke 04,1,2,A
1232,5,Schalke 04,2011-10-15,Schalke 04,Kaiserslautern,1,2,A
1305,5,Schalke 04,2011-10-23,Leverkusen,Schalke 04,0,1,A
1647,5,Schalke 04,2011-10-29,Schalke 04,Hoffenheim,3,1,H
1300,5,Schalke 04,2011-11-06,Hannover,Schalke 04,2,2,D
1289,5,Schalke 04,2011-11-19,Schalke 04,Nurnberg,4,0,H
1304,5,Schalke 04,2011-11-26,Dortmund,Schalke 04,2,0,H
1627,5,Schalke 04,2011-12-04,Schalke 04,Augsburg,3,1,H
1303,5,Schalke 04,2011-12-09,Hertha,Schalke 04,1,2,A
1346,5,Schalke 04,2011-12-17,Schalke 04,Werder Bremen,5,0,H
1315,5,Schalke 04,2012-01-21,Schalke 04,Stuttgart,3,1,H
1299,5,Schalke 04,2012-01-28,FC Koln,Schalke 04,1,4,A
1431,5,Schalke 04,2012-02-04,Schalke 04,Mainz,1,1,D
1308,5,Schalke 04,2012-02-11,M'gladbach,Schalke 04,3,0,H
1472,5,Schalke 04,2012-02-19,Schalke 04,Wolfsburg,4,0,H
1310,5,Schalke 04,2012-02-26,Bayern Munich,Schalke 04,2,0,H
1302,5,Schalke 04,2012-03-03,Freiburg,Schalke 04,2,1,H
1216,5,Schalke 04,2012-03-11,Schalke 04,Hamburg,3,1,H
1306,5,Schalke 04,2012-03-18,Kaiserslautern,Schalke 04,1,4,A
1264,5,Schalke 04,2012-03-24,Schalke 04,Leverkusen,2,0,H
1296,5,Schalke 04,2012-04-01,Hoffenheim,Schalke 04,1,1,D
1369,5,Schalke 04,2012-04-08,Schalke 04,Hannover,3,0,H
1297,5,Schalke 04,2012-04-11,Nurnberg,Schalke 04,4,1,H
1117,5,Schalke 04,2012-04-14,Schalke 04,Dortmund,1,2,A
1307,5,Schalke 04,2012-04-22,Augsburg,Schalke 04,1,1,D
1409,5,Schalke 04,2012-04-28,Schalke 04,Hertha,4,0,H
1301,5,Schalke 04,2012-05-05,Werder Bremen,Schalke 04,2,3,A
1491,6,M'gladbach,2011-08-07,Bayern Munich,M'gladbach,0,1,A
1325,6,M'gladbach,2011-08-13,M'gladbach,Stuttgart,1,1,D
1477,6,M'gladbach,2011-08-19,M'gladbach,Wolfsburg,4,1,H
1486,6,M'gladbach,2011-08-28,Schalke 04,M'gladbach,1,0,H
1236,6,M'gladbach,2011-09-10,M'gladbach,Kaiserslautern,1,0,H
1488,6,M'gladbach,2011-09-17,Hamburg,M'gladbach,0,1,A
1294,6,M'gladbach,2011-09-24,M'gladbach,Nurnberg,1,0,H
1499,6,M'gladbach,2011-10-01,Freiburg,M'gladbach,1,0,H
1274,6,M'gladbach,2011-10-15,M'gladbach,Leverkusen,2,2,D
1484,6,M'gladbach,2011-10-22,Hoffenheim,M'gladbach,1,0,H
1378,6,M'gladbach,2011-10-29,M'gladbach,Hannover,2,1,H
1497,6,M'gladbach,2011-11-05,Hertha,M'gladbach,1,2,A
1330,6,M'gladbach,2011-11-19,M'gladbach,Werder Bremen,5,0,H
1498,6,M'gladbach,2011-11-25,FC Koln,M'gladbach,0,3,A
1116,6,M'gladbach,2011-12-03,M'gladbach,Dortmund,1,1,D
1493,6,M'gladbach,2011-12-10,Augsburg,M'gladbach,1,0,H
1421,6,M'gladbach,2011-12-18,M'gladbach,Mainz,1,0,H
1097,6,M'gladbach,2012-01-20,M'gladbach,Bayern Munich,3,1,H
1496,6,M'gladbach,2012-01-29,Stuttgart,M'gladbach,0,3,A
1489,6,M'gladbach,2012-02-04,Wolfsburg,M'gladbach,0,0,D
1308,6,M'gladbach,2012-02-11,M'gladbach,Schalke 04,3,0,H
1487,6,M'gladbach,2012-02-18,Kaiserslautern,M'gladbach,1,2,A
1225,6,M'gladbach,2012-02-24,M'gladbach,Hamburg,1,1,D
1495,6,M'gladbach,2012-03-04,Nurnberg,M'gladbach,1,0,H
1196,6,M'gladbach,2012-03-10,M'gladbach,Freiburg,0,0,D
1483,6,M'gladbach,2012-03-17,Leverkusen,M'gladbach,1,2,A
1638,6,M'gladbach,2012-03-24,M'gladbach,Hoffenheim,1,2,A
1490,6,M'gladbach,2012-04-01,Hannover,M'gladbach,2,1,H
1402,6,M'gladbach,2012-04-07,M'gladbach,Hertha,0,0,D
1494,6,M'gladbach,2012-04-10,Werder Bremen,M'gladbach,2,2,D
1184,6,M'gladbach,2012-04-15,M'gladbach,FC Koln,3,0,H
1492,6,M'gladbach,2012-04-21,Dortmund,M'gladbach,2,0,H
1624,6,M'gladbach,2012-04-28,M'gladbach,Augsburg,0,0,D
1485,6,M'gladbach,2012-05-05,Mainz,M'gladbach,0,3,A
1466,7,Wolfsburg,2011-08-06,FC Koln,Wolfsburg,0,3,A
1094,7,Wolfsburg,2011-08-13,Wolfsburg,Bayern Munich,0,1,A
1477,7,Wolfsburg,2011-08-19,M'gladbach,Wolfsburg,4,1,H
1482,7,Wolfsburg,2011-08-27,Freiburg,Wolfsburg,3,0,H
1298,7,Wolfsburg,2011-09-11,Wolfsburg,Schalke 04,2,1,H
1479,7,Wolfsburg,2011-09-17,Hoffenheim,Wolfsburg,3,1,H
1242,7,Wolfsburg,2011-09-24,Wolfsburg,Kaiserslautern,1,0,H
1469,7,Wolfsburg,2011-10-01,Leverkusen,Wolfsburg,3,1,H
1285,7,Wolfsburg,2011-10-15,Wolfsburg,Nurnberg,2,1,H
1470,7,Wolfsburg,2011-10-22,Hamburg,Wolfsburg,1,1,D
1403,7,Wolfsburg,2011-10-29,Wolfsburg,Hertha,2,3,A
1468,7,Wolfsburg,2011-11-05,Dortmund,Wolfsburg,5,1,H
1365,7,Wolfsburg,2011-11-19,Wolfsburg,Hannover,4,1,H
1473,7,Wolfsburg,2011-11-26,Augsburg,Wolfsburg,2,0,H
1429,7,Wolfsburg,2011-12-03,Wolfsburg,Mainz,2,2,D
1471,7,Wolfsburg,2011-12-10,Werder Bremen,Wolfsburg,4,1,H
1313,7,Wolfsburg,2011-12-17,Wolfsburg,Stuttgart,1,0,H
1192,7,Wolfsburg,2012-01-21,Wolfsburg,FC Koln,1,0,H
1481,7,Wolfsburg,2012-01-28,Bayern Munich,Wolfsburg,2,0,H
1489,7,Wolfsburg,2012-02-04,Wolfsburg,M'gladbach,0,0,D
1201,7,Wolfsburg,2012-02-10,Wolfsburg,Freiburg,3,2,H
1472,7,Wolfsburg,2012-02-19,Schalke 04,Wolfsburg,4,0,H
1652,7,Wolfsburg,2012-02-25,Wolfsburg,Hoffenheim,1,2,A
1467,7,Wolfsburg,2012-03-03,Kaiserslautern,Wolfsburg,0,0,D
1271,7,Wolfsburg,2012-03-10,Wolfsburg,Leverkusen,3,2,H
1478,7,Wolfsburg,2012-03-17,Nurnberg,Wolfsburg,1,3,A
1220,7,Wolfsburg,2012-03-23,Wolfsburg,Hamburg,2,1,H
1475,7,Wolfsburg,2012-03-31,Hertha,Wolfsburg,1,4,A
1121,7,Wolfsburg,2012-04-07,Wolfsburg,Dortmund,1,3,A
1480,7,Wolfsburg,2012-04-11,Hannover,Wolfsburg,2,0,H
1632,7,Wolfsburg,2012-04-14,Wolfsburg,Augsburg,1,2,A
1476,7,Wolfsburg,2012-04-20,Mainz,Wolfsburg,0,0,D
1338,7,Wolfsburg,2012-04-28,Wolfsburg,Werder Bremen,3,1,H
1474,7,Wolfsburg,2012-05-05,Stuttgart,Wolfsburg,3,2,H
1466,8,FC Koln,2011-08-06,FC Koln,Wolfsburg,0,3,A
1180,8,FC Koln,2011-08-13,Schalke 04,FC Koln,5,1,H
1239,8,FC Koln,2011-08-20,FC Koln,Kaiserslautern,1,1,D
1191,8,FC Koln,2011-08-27,Hamburg,FC Koln,3,4,A
1290,8,FC Koln,2011-09-11,FC Koln,Nurnberg,1,2,A
1188,8,FC Koln,2011-09-17,Leverkusen,FC Koln,1,4,A
1644,8,FC Koln,2011-09-25,FC Koln,Hoffenheim,2,0,H
1190,8,FC Koln,2011-10-01,Hertha,FC Koln,3,0,H
1367,8,FC Koln,2011-10-16,FC Koln,Hannover,2,0,H
1179,8,FC Koln,2011-10-22,Dortmund,FC Koln,5,0,H
1626,8,FC Koln,2011-10-30,FC Koln,Augsburg,3,0,H
1181,8,FC Koln,2011-11-05,Werder Bremen,FC Koln,3,2,H
1498,8,FC Koln,2011-11-25,FC Koln,M'gladbach,0,3,A
1177,8,FC Koln,2011-12-03,Stuttgart,FC Koln,2,2,D
1205,8,FC Koln,2011-12-10,FC Koln,Freiburg,4,0,H
1424,8,FC Koln,2011-12-13,FC Koln,Mainz,1,1,D
1178,8,FC Koln,2011-12-16,Bayern Munich,FC Koln,3,0,H
1192,8,FC Koln,2012-01-21,Wolfsburg,FC Koln,1,0,H
1299,8,FC Koln,2012-01-28,FC Koln,Schalke 04,1,4,A
1186,8,FC Koln,2012-02-05,Kaiserslautern,FC Koln,0,1,A
1221,8,FC Koln,2012-02-12,FC Koln,Hamburg,0,1,A
1185,8,FC Koln,2012-02-18,Nurnberg,FC Koln,2,1,H
1269,8,FC Koln,2012-02-25,FC Koln,Leverkusen,0,2,A
1187,8,FC Koln,2012-03-04,Hoffenheim,FC Koln,1,1,D
1413,8,FC Koln,2012-03-10,FC Koln,Hertha,1,0,H
1193,8,FC Koln,2012-03-18,Hannover,FC Koln,4,1,H
1119,8,FC Koln,2012-03-25,FC Koln,Dortmund,1,6,A
1189,8,FC Koln,2012-03-31,Augsburg,FC Koln,2,1,H
1332,8,FC Koln,2012-04-07,FC Koln,Werder Bremen,1,1,D
1183,8,FC Koln,2012-04-10,Mainz,FC Koln,4,0,H
1184,8,FC Koln,2012-04-15,M'gladbach,FC Koln,3,0,H
1328,8,FC Koln,2012-04-21,FC Koln,Stuttgart,1,1,D
1182,8,FC Koln,2012-04-28,Freiburg,FC Koln,4,1,H
1107,8,FC Koln,2012-05-05,FC Koln,Bayern Munich,1,4,A
1648,9,Hoffenheim,2011-08-06,Hannover,Hoffenheim,2,1,H
1113,9,Hoffenheim,2011-08-13,Hoffenheim,Dortmund,1,0,H
1650,9,Hoffenheim,2011-08-20,Augsburg,Hoffenheim,0,2,A
1345,9,Hoffenheim,2011-08-27,Hoffenheim,Werder Bremen,1,2,A
1646,9,Hoffenheim,2011-09-10,Mainz,Hoffenheim,0,4,A
1479,9,Hoffenheim,2011-09-17,Hoffenheim,Wolfsburg,3,1,H
1644,9,Hoffenheim,2011-09-25,FC Koln,Hoffenheim,2,0,H
1102,9,Hoffenheim,2011-10-01,Hoffenheim,Bayern Munich,0,0,D
1641,9,Hoffenheim,2011-10-15,Stuttgart,Hoffenheim,2,0,H
1484,9,Hoffenheim,2011-10-22,Hoffenheim,M'gladbach,1,0,H
1647,9,Hoffenheim,2011-10-29,Schalke 04,Hoffenheim,3,1,H
1238,9,Hoffenheim,2011-11-05,Hoffenheim,Kaiserslautern,1,1,D
1636,9,Hoffenheim,2011-11-20,Hamburg,Hoffenheim,2,0,H
1203,9,Hoffenheim,2011-11-26,Hoffenheim,Freiburg,1,1,D
1640,9,Hoffenheim,2011-12-02,Leverkusen,Hoffenheim,2,0,H
1649,9,Hoffenheim,2011-12-10,Nurnberg,Hoffenheim,0,2,A
1414,9,Hoffenheim,2011-12-17,Hoffenheim,Hertha,1,1,D
1375,9,Hoffenheim,2012-01-21,Hoffenheim,Hannover,0,0,D
1637,9,Hoffenheim,2012-01-28,Dortmund,Hoffenheim,3,1,H
1625,9,Hoffenheim,2012-02-04,Hoffenheim,Augsburg,2,2,D
1639,9,Hoffenheim,2012-02-11,Werder Bremen,Hoffenheim,1,1,D
1419,9,Hoffenheim,2012-02-17,Hoffenheim,Mainz,1,1,D
1652,9,Hoffenheim,2012-02-25,Wolfsburg,Hoffenheim,1,2,A
1187,9,Hoffenheim,2012-03-04,Hoffenheim,FC Koln,1,1,D
1643,9,Hoffenheim,2012-03-10,Bayern Munich,Hoffenheim,7,1,H
1321,9,Hoffenheim,2012-03-16,Hoffenheim,Stuttgart,1,2,A
1638,9,Hoffenheim,2012-03-24,M'gladbach,Hoffenheim,1,2,A
1296,9,Hoffenheim,2012-04-01,Hoffenheim,Schalke 04,1,1,D
1642,9,Hoffenheim,2012-04-07,Kaiserslautern,Hoffenheim,1,2,A
1212,9,Hoffenheim,2012-04-11,Hoffenheim,Hamburg,4,0,H
1651,9,Hoffenheim,2012-04-15,Freiburg,Hoffenheim,0,0,D
1266,9,Hoffenheim,2012-04-21,Hoffenheim,Leverkusen,0,1,A
1283,9,Hoffenheim,2012-04-28,Hoffenheim,Nurnberg,2,3,A
1645,9,Hoffenheim,2012-05-05,Hertha,Hoffenheim,3,1,H
1292,10,Hertha,2011-08-06,Hertha,Nurnberg,0,1,A
1405,10,Hertha,2011-08-13,Hamburg,Hertha,2,2,D
1404,10,Hertha,2011-08-21,Hannover,Hertha,1,1,D
1316,10,Hertha,2011-08-26,Hertha,Stuttgart,1,0,H
1407,10,Hertha,2011-09-10,Dortmund,Hertha,1,2,A
1629,10,Hertha,2011-09-17,Hertha,Augsburg,2,2,D
1398,10,Hertha,2011-09-25,Werder Bremen,Hertha,2,1,H
1190,10,Hertha,2011-10-01,Hertha,FC Koln,3,0,H
1401,10,Hertha,2011-10-15,Bayern Munich,Hertha,4,0,H
1426,10,Hertha,2011-10-22,Hertha,Mainz,0,0,D
1403,10,Hertha,2011-10-29,Wolfsburg,Hertha,2,3,A
1497,10,Hertha,2011-11-05,Hertha,M'gladbach,1,2,A
1400,10,Hertha,2011-11-19,Freiburg,Hertha,2,2,D
1263,10,Hertha,2011-11-26,Hertha,Leverkusen,3,3,D
1411,10,Hertha,2011-12-03,Kaiserslautern,Hertha,1,1,D
1303,10,Hertha,2011-12-09,Hertha,Schalke 04,1,2,A
1414,10,Hertha,2011-12-17,Hoffenheim,Hertha,1,1,D
1399,10,Hertha,2012-01-21,Nurnberg,Hertha,2,0,H
1227,10,Hertha,2012-01-28,Hertha,Hamburg,1,2,A
1377,10,Hertha,2012-02-04,Hertha,Hannover,0,1,A
1406,10,Hertha,2012-02-11,Stuttgart,Hertha,5,0,H
1111,10,Hertha,2012-02-18,Hertha,Dortmund,0,1,A
1408,10,Hertha,2012-02-25,Augsburg,Hertha,3,0,H
1336,10,Hertha,2012-03-03,Hertha,Werder Bremen,1,0,H
1413,10,Hertha,2012-03-10,FC Koln,Hertha,1,0,H
1105,10,Hertha,2012-03-17,Hertha,Bayern Munich,0,6,A
1412,10,Hertha,2012-03-24,Mainz,Hertha,1,3,A
1475,10,Hertha,2012-03-31,Hertha,Wolfsburg,1,4,A
1402,10,Hertha,2012-04-07,M'gladbach,Hertha,0,0,D
1208,10,Hertha,2012-04-10,Hertha,Freiburg,1,2,A
1410,10,Hertha,2012-04-14,Leverkusen,Hertha,3,3,D
1244,10,Hertha,2012-04-21,Hertha,Kaiserslautern,1,2,A
1409,10,Hertha,2012-04-28,Schalke 04,Hertha,4,0,H
1645,10,Hertha,2012-05-05,Hertha,Hoffenheim,3,1,H
1276,11,Mainz,2011-08-07,Mainz,Leverkusen,2,0,H
1417,11,Mainz,2011-08-13,Freiburg,Mainz,1,2,A
1312,11,Mainz,2011-08-21,Mainz,Schalke 04,2,4,A
1427,11,Mainz,2011-08-28,Hannover,Mainz,1,1,D
1646,11,Mainz,2011-09-10,Mainz,Hoffenheim,0,4,A
1430,11,Mainz,2011-09-17,Kaiserslautern,Mainz,3,1,H
1124,11,Mainz,2011-09-24,Mainz,Dortmund,1,2,A
1416,11,Mainz,2011-10-01,Nurnberg,Mainz,3,3,D
1630,11,Mainz,2011-10-15,Mainz,Augsburg,0,1,A
1426,11,Mainz,2011-10-22,Hertha,Mainz,0,0,D
1344,11,Mainz,2011-10-29,Mainz,Werder Bremen,1,3,A
1314,11,Mainz,2011-11-04,Mainz,Stuttgart,3,1,H
1095,11,Mainz,2011-11-27,Mainz,Bayern Munich,3,2,H
1429,11,Mainz,2011-12-03,Wolfsburg,Mainz,2,2,D
1213,11,Mainz,2011-12-10,Mainz,Hamburg,0,0,D
1424,11,Mainz,2011-12-13,FC Koln,Mainz,1,1,D
1421,11,Mainz,2011-12-18,M'gladbach,Mainz,1,0,H
1422,11,Mainz,2012-01-22,Leverkusen,Mainz,3,2,H
1209,11,Mainz,2012-01-29,Mainz,Freiburg,3,1,H
1431,11,Mainz,2012-02-04,Schalke 04,Mainz,1,1,D
1374,11,Mainz,2012-02-11,Mainz,Hannover,1,1,D
1419,11,Mainz,2012-02-17,Hoffenheim,Mainz,1,1,D
1230,11,Mainz,2012-02-25,Mainz,Kaiserslautern,4,0,H
1425,11,Mainz,2012-03-03,Dortmund,Mainz,2,1,H
1281,11,Mainz,2012-03-10,Mainz,Nurnberg,2,1,H
1415,11,Mainz,2012-03-17,Augsburg,Mainz,2,1,H
1412,11,Mainz,2012-03-24,Mainz,Hertha,1,3,A
1420,11,Mainz,2012-03-31,Werder Bremen,Mainz,0,3,A
1423,11,Mainz,2012-04-07,Stuttgart,Mainz,4,1,H
1183,11,Mainz,2012-04-10,Mainz,FC Koln,4,0,H
1428,11,Mainz,2012-04-14,Bayern Munich,Mainz,0,0,D
1476,11,Mainz,2012-04-20,Mainz,Wolfsburg,0,0,D
1418,11,Mainz,2012-04-28,Hamburg,Mainz,0,0,D
1485,11,Mainz,2012-05-05,Mainz,M'gladbach,0,3,A
1219,12,Hamburg,2011-08-05,Dortmund,Hamburg,3,1,H
1405,12,Hamburg,2011-08-13,Hamburg,Hertha,2,2,D
1211,12,Hamburg,2011-08-20,Bayern Munich,Hamburg,5,0,H
1191,12,Hamburg,2011-08-27,Hamburg,FC Koln,3,4,A
1218,12,Hamburg,2011-09-10,Werder Bremen,Hamburg,2,0,H
1488,12,Hamburg,2011-09-17,Hamburg,M'gladbach,0,1,A
1224,12,Hamburg,2011-09-23,Stuttgart,Hamburg,1,2,A
1309,12,Hamburg,2011-10-02,Hamburg,Schalke 04,1,2,A
1214,12,Hamburg,2011-10-16,Freiburg,Hamburg,1,2,A
1470,12,Hamburg,2011-10-22,Hamburg,Wolfsburg,1,1,D
1231,12,Hamburg,2011-10-30,Hamburg,Kaiserslautern,1,1,D
1226,12,Hamburg,2011-11-05,Leverkusen,Hamburg,2,2,D
1636,12,Hamburg,2011-11-20,Hamburg,Hoffenheim,2,0,H
1222,12,Hamburg,2011-11-26,Hannover,Hamburg,1,1,D
1288,12,Hamburg,2011-12-04,Hamburg,Nurnberg,2,0,H
1213,12,Hamburg,2011-12-10,Mainz,Hamburg,0,0,D
1622,12,Hamburg,2011-12-17,Hamburg,Augsburg,1,1,D
1115,12,Hamburg,2012-01-22,Hamburg,Dortmund,1,5,A
1227,12,Hamburg,2012-01-28,Hertha,Hamburg,1,2,A
1098,12,Hamburg,2012-02-04,Hamburg,Bayern Munich,1,1,D
1221,12,Hamburg,2012-02-12,FC Koln,Hamburg,0,1,A
1341,12,Hamburg,2012-02-18,Hamburg,Werder Bremen,1,3,A
1225,12,Hamburg,2012-02-24,M'gladbach,Hamburg,1,1,D
1323,12,Hamburg,2012-03-03,Hamburg,Stuttgart,0,4,A
1216,12,Hamburg,2012-03-11,Schalke 04,Hamburg,3,1,H
1200,12,Hamburg,2012-03-17,Hamburg,Freiburg,1,3,A
1220,12,Hamburg,2012-03-23,Wolfsburg,Hamburg,2,1,H
1215,12,Hamburg,2012-03-31,Kaiserslautern,Hamburg,0,1,A
1267,12,Hamburg,2012-04-08,Hamburg,Leverkusen,1,1,D
1212,12,Hamburg,2012-04-11,Hoffenheim,Hamburg,4,0,H
1366,12,Hamburg,2012-04-14,Hamburg,Hannover,1,0,H
1217,12,Hamburg,2012-04-21,Nurnberg,Hamburg,1,1,D
1418,12,Hamburg,2012-04-28,Hamburg,Mainz,0,0,D
1223,12,Hamburg,2012-05-05,Augsburg,Hamburg,1,0,H
1237,13,Werder Bremen,2011-08-06,Werder Bremen,Kaiserslautern,2,0,H
1343,13,Werder Bremen,2011-08-14,Leverkusen,Werder Bremen,1,0,H
1199,13,Werder Bremen,2011-08-20,Werder Bremen,Freiburg,5,3,H
1345,13,Werder Bremen,2011-08-27,Hoffenheim,Werder Bremen,1,2,A
1218,13,Werder Bremen,2011-09-10,Werder Bremen,Hamburg,2,0,H
1340,13,Werder Bremen,2011-09-17,Nurnberg,Werder Bremen,1,1,D
1398,13,Werder Bremen,2011-09-25,Werder Bremen,Hertha,2,1,H
1331,13,Werder Bremen,2011-10-02,Hannover,Werder Bremen,3,2,H
1123,13,Werder Bremen,2011-10-14,Werder Bremen,Dortmund,0,2,A
1342,13,Werder Bremen,2011-10-21,Augsburg,Werder Bremen,1,1,D
1344,13,Werder Bremen,2011-10-29,Mainz,Werder Bremen,1,3,A
1181,13,Werder Bremen,2011-11-05,Werder Bremen,FC Koln,3,2,H
1330,13,Werder Bremen,2011-11-19,M'gladbach,Werder Bremen,5,0,H
1329,13,Werder Bremen,2011-11-27,Werder Bremen,Stuttgart,2,0,H
1335,13,Werder Bremen,2011-12-03,Bayern Munich,Werder Bremen,4,1,H
1471,13,Werder Bremen,2011-12-10,Werder Bremen,Wolfsburg,4,1,H
1346,13,Werder Bremen,2011-12-17,Schalke 04,Werder Bremen,5,0,H
1337,13,Werder Bremen,2012-01-21,Kaiserslautern,Werder Bremen,0,0,D
1272,13,Werder Bremen,2012-01-28,Werder Bremen,Leverkusen,1,1,D
1339,13,Werder Bremen,2012-02-05,Freiburg,Werder Bremen,2,2,D
1639,13,Werder Bremen,2012-02-11,Werder Bremen,Hoffenheim,1,1,D
1341,13,Werder Bremen,2012-02-18,Hamburg,Werder Bremen,1,3,A
1282,13,Werder Bremen,2012-02-25,Werder Bremen,Nurnberg,0,1,A
1336,13,Werder Bremen,2012-03-03,Hertha,Werder Bremen,1,0,H
1376,13,Werder Bremen,2012-03-11,Werder Bremen,Hannover,3,0,H
1333,13,Werder Bremen,2012-03-17,Dortmund,Werder Bremen,1,0,H
1620,13,Werder Bremen,2012-03-24,Werder Bremen,Augsburg,1,1,D
1420,13,Werder Bremen,2012-03-31,Werder Bremen,Mainz,0,3,A
1332,13,Werder Bremen,2012-04-07,FC Koln,Werder Bremen,1,1,D
1494,13,Werder Bremen,2012-04-10,Werder Bremen,M'gladbach,2,2,D
1334,13,Werder Bremen,2012-04-13,Stuttgart,Werder Bremen,4,1,H
1099,13,Werder Bremen,2012-04-21,Werder Bremen,Bayern Munich,1,2,A
1338,13,Werder Bremen,2012-04-28,Wolfsburg,Werder Bremen,3,1,H
1301,13,Werder Bremen,2012-05-05,Werder Bremen,Schalke 04,2,3,A
1167,14,Ein Frankfurt,2011-07-15,Greuther Furth,Ein Frankfurt,2,3,A
1463,14,Ein Frankfurt,2011-07-25,Ein Frankfurt,St Pauli,1,1,D
1171,14,Ein Frankfurt,2011-08-07,Braunschweig,Ein Frankfurt,0,3,A
1701,14,Ein Frankfurt,2011-08-15,Ein Frankfurt,Fortuna Dusseldorf,1,1,D
1163,14,Ein Frankfurt,2011-08-21,Frankfurt FSV,Ein Frankfurt,0,4,A
1608,14,Ein Frankfurt,2011-08-28,Ein Frankfurt,Paderborn,0,0,D
1161,14,Ein Frankfurt,2011-09-10,Cottbus,Ein Frankfurt,3,3,D
1393,14,Ein Frankfurt,2011-09-16,Ein Frankfurt,Hansa Rostock,4,1,H
1164,14,Ein Frankfurt,2011-09-26,Dresden,Ein Frankfurt,1,4,A
1565,14,Ein Frankfurt,2011-09-30,Ein Frankfurt,Union Berlin,3,1,H
1162,14,Ein Frankfurt,2011-10-14,Bochum,Ein Frankfurt,0,2,A
1151,14,Ein Frankfurt,2011-10-23,Ein Frankfurt,Duisburg,3,0,H
1169,14,Ein Frankfurt,2011-10-30,Ingolstadt,Ein Frankfurt,1,1,D
1160,14,Ein Frankfurt,2011-11-07,Erzgebirge Aue,Ein Frankfurt,1,2,A
1534,14,Ein Frankfurt,2011-11-20,Ein Frankfurt,Aachen,4,3,H
1175,14,Ein Frankfurt,2011-11-26,Munich 1860,Ein Frankfurt,2,1,H
1250,14,Ein Frankfurt,2011-12-03,Ein Frankfurt,Karlsruhe,2,0,H
1532,14,Ein Frankfurt,2011-12-12,Ein Frankfurt,Greuther Furth,0,0,D
1173,14,Ein Frankfurt,2011-12-19,St Pauli,Ein Frankfurt,2,0,H
1580,14,Ein Frankfurt,2012-02-05,Ein Frankfurt,Braunschweig,2,1,H
1170,14,Ein Frankfurt,2012-02-13,Fortuna Dusseldorf,Ein Frankfurt,1,1,D
1664,14,Ein Frankfurt,2012-02-18,Ein Frankfurt,Frankfurt FSV,6,1,H
1172,14,Ein Frankfurt,2012-02-26,Paderborn,Ein Frankfurt,4,2,H
1506,14,Ein Frankfurt,2012-03-04,Ein Frankfurt,Cottbus,1,0,H
1174,14,Ein Frankfurt,2012-03-11,Hansa Rostock,Ein Frankfurt,1,5,A
1128,14,Ein Frankfurt,2012-03-16,Ein Frankfurt,Dresden,3,0,H
1166,14,Ein Frankfurt,2012-03-26,Union Berlin,Ein Frankfurt,0,4,A
1350,14,Ein Frankfurt,2012-03-30,Ein Frankfurt,Bochum,3,0,H
1165,14,Ein Frankfurt,2012-04-07,Duisburg,Ein Frankfurt,2,0,H
1681,14,Ein Frankfurt,2012-04-11,Ein Frankfurt,Ingolstadt,1,1,D
1594,14,Ein Frankfurt,2012-04-14,Ein Frankfurt,Erzgebirge Aue,4,0,H
1176,14,Ein Frankfurt,2012-04-23,Aachen,Ein Frankfurt,0,3,A
1432,14,Ein Frankfurt,2012-04-29,Ein Frankfurt,Munich 1860,0,2,A
1168,14,Ein Frankfurt,2012-05-06,Karlsruhe,Ein Frankfurt,1,0,H
1194,15,Augsburg,2011-08-06,Augsburg,Freiburg,2,2,D
1633,15,Augsburg,2011-08-14,Kaiserslautern,Augsburg,1,1,D
1650,15,Augsburg,2011-08-20,Augsburg,Hoffenheim,0,2,A
1619,15,Augsburg,2011-08-27,Nurnberg,Augsburg,1,0,H
1273,15,Augsburg,2011-09-09,Augsburg,Leverkusen,1,4,A
1629,15,Augsburg,2011-09-17,Hertha,Augsburg,2,2,D
1368,15,Augsburg,2011-09-24,Augsburg,Hannover,0,0,D
1634,15,Augsburg,2011-10-01,Dortmund,Augsburg,4,0,H
1630,15,Augsburg,2011-10-15,Mainz,Augsburg,0,1,A
1342,15,Augsburg,2011-10-21,Augsburg,Werder Bremen,1,1,D
1626,15,Augsburg,2011-10-30,FC Koln,Augsburg,3,0,H
1106,15,Augsburg,2011-11-06,Augsburg,Bayern Munich,1,2,A
1621,15,Augsburg,2011-11-20,Stuttgart,Augsburg,2,1,H
1473,15,Augsburg,2011-11-26,Augsburg,Wolfsburg,2,0,H
1627,15,Augsburg,2011-12-04,Schalke 04,Augsburg,3,1,H
1493,15,Augsburg,2011-12-10,Augsburg,M'gladbach,1,0,H
1622,15,Augsburg,2011-12-17,Hamburg,Augsburg,1,1,D
1635,15,Augsburg,2012-01-21,Freiburg,Augsburg,1,0,H
1228,15,Augsburg,2012-01-28,Augsburg,Kaiserslautern,2,2,D
1625,15,Augsburg,2012-02-04,Hoffenheim,Augsburg,2,2,D
1286,15,Augsburg,2012-02-12,Augsburg,Nurnberg,0,0,D
1631,15,Augsburg,2012-02-18,Leverkusen,Augsburg,4,1,H
1408,15,Augsburg,2012-02-25,Augsburg,Hertha,3,0,H
1628,15,Augsburg,2012-03-03,Hannover,Augsburg,2,2,D
1120,15,Augsburg,2012-03-10,Augsburg,Dortmund,0,0,D
1415,15,Augsburg,2012-03-17,Augsburg,Mainz,2,1,H
1620,15,Augsburg,2012-03-24,Werder Bremen,Augsburg,1,1,D
1189,15,Augsburg,2012-03-31,Augsburg,FC Koln,2,1,H
1623,15,Augsburg,2012-04-07,Bayern Munich,Augsburg,2,1,H
1322,15,Augsburg,2012-04-10,Augsburg,Stuttgart,1,3,A
1632,15,Augsburg,2012-04-14,Wolfsburg,Augsburg,1,2,A
1307,15,Augsburg,2012-04-22,Augsburg,Schalke 04,1,1,D
1624,15,Augsburg,2012-04-28,M'gladbach,Augsburg,0,0,D
1223,15,Augsburg,2012-05-05,Augsburg,Hamburg,1,0,H
1194,16,Freiburg,2011-08-06,Augsburg,Freiburg,2,2,D
1417,16,Freiburg,2011-08-13,Freiburg,Mainz,1,2,A
1199,16,Freiburg,2011-08-20,Werder Bremen,Freiburg,5,3,H
1482,16,Freiburg,2011-08-27,Freiburg,Wolfsburg,3,0,H
1197,16,Freiburg,2011-09-10,Bayern Munich,Freiburg,7,0,H
1327,16,Freiburg,2011-09-16,Freiburg,Stuttgart,1,2,A
1195,16,Freiburg,2011-09-24,Schalke 04,Freiburg,4,2,H
1499,16,Freiburg,2011-10-01,Freiburg,M'gladbach,1,0,H
1214,16,Freiburg,2011-10-16,Freiburg,Hamburg,1,2,A
1202,16,Freiburg,2011-10-22,Kaiserslautern,Freiburg,1,0,H
1277,16,Freiburg,2011-10-28,Freiburg,Leverkusen,0,1,A
1210,16,Freiburg,2011-11-05,Nurnberg,Freiburg,1,2,A
1400,16,Freiburg,2011-11-19,Freiburg,Hertha,2,2,D
1203,16,Freiburg,2011-11-26,Hoffenheim,Freiburg,1,1,D
1380,16,Freiburg,2011-12-03,Freiburg,Hannover,1,1,D
1205,16,Freiburg,2011-12-10,FC Koln,Freiburg,4,0,H
1110,16,Freiburg,2011-12-17,Freiburg,Dortmund,1,4,A
1635,16,Freiburg,2012-01-21,Freiburg,Augsburg,1,0,H
1209,16,Freiburg,2012-01-29,Mainz,Freiburg,3,1,H
1339,16,Freiburg,2012-02-05,Freiburg,Werder Bremen,2,2,D
1201,16,Freiburg,2012-02-10,Wolfsburg,Freiburg,3,2,H
1096,16,Freiburg,2012-02-18,Freiburg,Bayern Munich,0,0,D
1204,16,Freiburg,2012-02-25,Stuttgart,Freiburg,4,1,H
1302,16,Freiburg,2012-03-03,Freiburg,Schalke 04,2,1,H
1196,16,Freiburg,2012-03-10,M'gladbach,Freiburg,0,0,D
1200,16,Freiburg,2012-03-17,Hamburg,Freiburg,1,3,A
1243,16,Freiburg,2012-03-24,Freiburg,Kaiserslautern,2,0,H
1206,16,Freiburg,2012-03-31,Leverkusen,Freiburg,0,2,A
1291,16,Freiburg,2012-04-07,Freiburg,Nurnberg,2,2,D
1208,16,Freiburg,2012-04-10,Hertha,Freiburg,1,2,A
1651,16,Freiburg,2012-04-15,Freiburg,Hoffenheim,0,0,D
1198,16,Freiburg,2012-04-22,Hannover,Freiburg,0,0,D
1182,16,Freiburg,2012-04-28,Freiburg,FC Koln,4,1,H
1207,16,Freiburg,2012-05-05,Dortmund,Freiburg,4,0,H
1311,17,Stuttgart,2011-08-06,Stuttgart,Schalke 04,3,0,H
1325,17,Stuttgart,2011-08-13,M'gladbach,Stuttgart,1,1,D
1278,17,Stuttgart,2011-08-20,Stuttgart,Leverkusen,0,1,A
1316,17,Stuttgart,2011-08-26,Hertha,Stuttgart,1,0,H
1379,17,Stuttgart,2011-09-10,Stuttgart,Hannover,3,0,H
1327,17,Stuttgart,2011-09-16,Freiburg,Stuttgart,1,2,A
1224,17,Stuttgart,2011-09-23,Stuttgart,Hamburg,1,2,A
1319,17,Stuttgart,2011-09-30,Kaiserslautern,Stuttgart,0,2,A
1641,17,Stuttgart,2011-10-15,Stuttgart,Hoffenheim,2,0,H
1320,17,Stuttgart,2011-10-22,Nurnberg,Stuttgart,2,2,D
1114,17,Stuttgart,2011-10-29,Stuttgart,Dortmund,1,1,D
1314,17,Stuttgart,2011-11-04,Mainz,Stuttgart,3,1,H
1621,17,Stuttgart,2011-11-20,Stuttgart,Augsburg,2,1,H
1329,17,Stuttgart,2011-11-27,Werder Bremen,Stuttgart,2,0,H
1177,17,Stuttgart,2011-12-03,Stuttgart,FC Koln,2,2,D
1093,17,Stuttgart,2011-12-11,Stuttgart,Bayern Munich,1,2,A
1313,17,Stuttgart,2011-12-17,Wolfsburg,Stuttgart,1,0,H
1315,17,Stuttgart,2012-01-21,Schalke 04,Stuttgart,3,1,H
1496,17,Stuttgart,2012-01-29,Stuttgart,M'gladbach,0,3,A
1318,17,Stuttgart,2012-02-04,Leverkusen,Stuttgart,2,2,D
1406,17,Stuttgart,2012-02-11,Stuttgart,Hertha,5,0,H
1326,17,Stuttgart,2012-02-19,Hannover,Stuttgart,4,2,H
1204,17,Stuttgart,2012-02-25,Stuttgart,Freiburg,4,1,H
1323,17,Stuttgart,2012-03-03,Hamburg,Stuttgart,0,4,A
1241,17,Stuttgart,2012-03-09,Stuttgart,Kaiserslautern,0,0,D
1321,17,Stuttgart,2012-03-16,Hoffenheim,Stuttgart,1,2,A
1287,17,Stuttgart,2012-03-25,Stuttgart,Nurnberg,1,0,H
1317,17,Stuttgart,2012-03-30,Dortmund,Stuttgart,4,4,D
1423,17,Stuttgart,2012-04-07,Stuttgart,Mainz,4,1,H
1322,17,Stuttgart,2012-04-10,Augsburg,Stuttgart,1,3,A
1334,17,Stuttgart,2012-04-13,Stuttgart,Werder Bremen,4,1,H
1328,17,Stuttgart,2012-04-21,FC Koln,Stuttgart,1,1,D
1324,17,Stuttgart,2012-04-28,Bayern Munich,Stuttgart,2,0,H
1474,17,Stuttgart,2012-05-05,Stuttgart,Wolfsburg,3,2,H
1648,18,Hannover,2011-08-06,Hannover,Hoffenheim,2,1,H
1371,18,Hannover,2011-08-13,Nurnberg,Hannover,1,2,A
1404,18,Hannover,2011-08-21,Hannover,Hertha,1,1,D
1427,18,Hannover,2011-08-28,Hannover,Mainz,1,1,D
1379,18,Hannover,2011-09-10,Stuttgart,Hannover,3,0,H
1118,18,Hannover,2011-09-18,Hannover,Dortmund,2,1,H
1368,18,Hannover,2011-09-24,Augsburg,Hannover,0,0,D
1331,18,Hannover,2011-10-02,Hannover,Werder Bremen,3,2,H
1367,18,Hannover,2011-10-16,FC Koln,Hannover,2,0,H
1101,18,Hannover,2011-10-23,Hannover,Bayern Munich,2,1,H
1378,18,Hannover,2011-10-29,M'gladbach,Hannover,2,1,H
1300,18,Hannover,2011-11-06,Hannover,Schalke 04,2,2,D
1365,18,Hannover,2011-11-19,Wolfsburg,Hannover,4,1,H
1222,18,Hannover,2011-11-26,Hannover,Hamburg,1,1,D
1380,18,Hannover,2011-12-03,Freiburg,Hannover,1,1,D
1275,18,Hannover,2011-12-10,Hannover,Leverkusen,0,0,D
1370,18,Hannover,2011-12-18,Kaiserslautern,Hannover,1,1,D
1375,18,Hannover,2012-01-21,Hoffenheim,Hannover,0,0,D
1280,18,Hannover,2012-01-27,Hannover,Nurnberg,1,0,H
1377,18,Hannover,2012-02-04,Hertha,Hannover,0,1,A
1374,18,Hannover,2012-02-11,Mainz,Hannover,1,1,D
1326,18,Hannover,2012-02-19,Hannover,Stuttgart,4,2,H
1373,18,Hannover,2012-02-26,Dortmund,Hannover,3,1,H
1628,18,Hannover,2012-03-03,Hannover,Augsburg,2,2,D
1376,18,Hannover,2012-03-11,Werder Bremen,Hannover,3,0,H
1193,18,Hannover,2012-03-18,Hannover,FC Koln,4,1,H
1364,18,Hannover,2012-03-24,Bayern Munich,Hannover,2,1,H
1490,18,Hannover,2012-04-01,Hannover,M'gladbach,2,1,H
1369,18,Hannover,2012-04-08,Schalke 04,Hannover,3,0,H
1480,18,Hannover,2012-04-11,Hannover,Wolfsburg,2,0,H
1366,18,Hannover,2012-04-14,Hamburg,Hannover,1,0,H
1198,18,Hannover,2012-04-22,Hannover,Freiburg,0,0,D
1372,18,Hannover,2012-04-28,Leverkusen,Hannover,1,0,H
1229,18,Hannover,2012-05-05,Hannover,Kaiserslautern,2,1,H
1678,19,Ingolstadt,2011-07-16,St Pauli,Ingolstadt,2,0,H
1596,19,Ingolstadt,2011-07-22,Ingolstadt,Erzgebirge Aue,0,0,D
1684,19,Ingolstadt,2011-08-05,Fortuna Dusseldorf,Ingolstadt,4,1,H
1660,19,Ingolstadt,2011-08-14,Ingolstadt,Frankfurt FSV,1,1,D
1674,19,Ingolstadt,2011-08-19,Greuther Furth,Ingolstadt,3,0,H
1394,19,Ingolstadt,2011-08-26,Ingolstadt,Hansa Rostock,3,1,H
1677,19,Ingolstadt,2011-09-11,Union Berlin,Ingolstadt,4,1,H
1132,19,Ingolstadt,2011-09-16,Ingolstadt,Dresden,4,2,H
1680,19,Ingolstadt,2011-09-23,Paderborn,Ingolstadt,4,1,H
1363,19,Ingolstadt,2011-10-01,Ingolstadt,Bochum,3,5,A
1672,19,Ingolstadt,2011-10-15,Duisburg,Ingolstadt,3,1,H
1682,19,Ingolstadt,2011-10-23,Aachen,Ingolstadt,3,1,H
1169,19,Ingolstadt,2011-10-30,Ingolstadt,Ein Frankfurt,1,1,D
1673,19,Ingolstadt,2011-11-04,Karlsruhe,Ingolstadt,3,2,H
1447,19,Ingolstadt,2011-11-18,Ingolstadt,Munich 1860,0,1,A
1671,19,Ingolstadt,2011-11-27,Cottbus,Ingolstadt,0,0,D
1582,19,Ingolstadt,2011-12-02,Ingolstadt,Braunschweig,0,1,A
1456,19,Ingolstadt,2011-12-11,Ingolstadt,St Pauli,1,0,H
1676,19,Ingolstadt,2011-12-16,Erzgebirge Aue,Ingolstadt,1,1,D
1693,19,Ingolstadt,2012-02-04,Ingolstadt,Fortuna Dusseldorf,1,1,D
1675,19,Ingolstadt,2012-02-10,Frankfurt FSV,Ingolstadt,1,1,D
1531,19,Ingolstadt,2012-02-19,Ingolstadt,Greuther Furth,0,0,D
1685,19,Ingolstadt,2012-02-24,Hansa Rostock,Ingolstadt,1,2,A
1555,19,Ingolstadt,2012-03-02,Ingolstadt,Union Berlin,3,3,D
1679,19,Ingolstadt,2012-03-11,Dresden,Ingolstadt,0,0,D
1618,19,Ingolstadt,2012-03-17,Ingolstadt,Paderborn,4,0,H
1670,19,Ingolstadt,2012-03-23,Bochum,Ingolstadt,0,1,A
1153,19,Ingolstadt,2012-04-01,Ingolstadt,Duisburg,1,1,D
1547,19,Ingolstadt,2012-04-08,Ingolstadt,Aachen,3,3,D
1681,19,Ingolstadt,2012-04-11,Ein Frankfurt,Ingolstadt,1,1,D
1251,19,Ingolstadt,2012-04-15,Ingolstadt,Karlsruhe,2,1,H
1686,19,Ingolstadt,2012-04-21,Munich 1860,Ingolstadt,4,1,H
1514,19,Ingolstadt,2012-04-29,Ingolstadt,Cottbus,1,0,H
1683,19,Ingolstadt,2012-05-06,Braunschweig,Ingolstadt,3,1,H
1602,21,Paderborn,2011-07-17,Hansa Rostock,Paderborn,1,2,A
1699,21,Paderborn,2011-07-24,Paderborn,Fortuna Dusseldorf,1,1,D
1613,21,Paderborn,2011-08-05,Union Berlin,Paderborn,3,0,H
1517,21,Paderborn,2011-08-13,Paderborn,Greuther Furth,0,1,A
1607,21,Paderborn,2011-08-21,Dresden,Paderborn,1,2,A
1608,21,Paderborn,2011-08-28,Ein Frankfurt,Paderborn,0,0,D
1537,21,Paderborn,2011-09-09,Paderborn,Aachen,0,0,D
1609,21,Paderborn,2011-09-18,Bochum,Paderborn,0,4,A
1680,21,Paderborn,2011-09-23,Paderborn,Ingolstadt,4,1,H
1603,21,Paderborn,2011-10-02,Duisburg,Paderborn,0,1,A
1572,21,Paderborn,2011-10-14,Paderborn,Braunschweig,1,0,H
1616,21,Paderborn,2011-10-21,Munich 1860,Paderborn,1,1,D
1592,21,Paderborn,2011-10-29,Paderborn,Erzgebirge Aue,1,0,H
1617,21,Paderborn,2011-11-06,Cottbus,Paderborn,0,2,A
1246,21,Paderborn,2011-11-18,Paderborn,Karlsruhe,2,1,H
1612,21,Paderborn,2011-11-25,Frankfurt FSV,Paderborn,2,2,D
1453,21,Paderborn,2011-12-02,Paderborn,St Pauli,1,1,D
1387,21,Paderborn,2011-12-09,Paderborn,Hansa Rostock,2,0,H
1604,21,Paderborn,2011-12-16,Fortuna Dusseldorf,Paderborn,2,3,A
1556,21,Paderborn,2012-02-03,Paderborn,Union Berlin,3,2,H
1611,21,Paderborn,2012-02-12,Greuther Furth,Paderborn,5,1,H
1129,21,Paderborn,2012-02-17,Paderborn,Dresden,2,2,D
1172,21,Paderborn,2012-02-26,Paderborn,Ein Frankfurt,4,2,H
1606,21,Paderborn,2012-03-03,Aachen,Paderborn,0,3,A
1355,21,Paderborn,2012-03-09,Paderborn,Bochum,0,0,D
1618,21,Paderborn,2012-03-17,Ingolstadt,Paderborn,4,0,H
1157,21,Paderborn,2012-03-25,Paderborn,Duisburg,1,2,A
1615,21,Paderborn,2012-03-30,Braunschweig,Paderborn,0,0,D
1444,21,Paderborn,2012-04-08,Paderborn,Munich 1860,2,2,D
1614,21,Paderborn,2012-04-11,Erzgebirge Aue,Paderborn,0,2,A
1503,21,Paderborn,2012-04-15,Paderborn,Cottbus,3,1,H
1605,21,Paderborn,2012-04-22,Karlsruhe,Paderborn,2,0,H
1665,21,Paderborn,2012-04-29,Paderborn,Frankfurt FSV,1,0,H
1610,21,Paderborn,2012-05-06,St Pauli,Paderborn,5,0,H
1292,22,Nurnberg,2011-08-06,Hertha,Nurnberg,0,1,A
1371,22,Nurnberg,2011-08-13,Nurnberg,Hannover,1,2,A
1295,22,Nurnberg,2011-08-20,Dortmund,Nurnberg,2,0,H
1619,22,Nurnberg,2011-08-27,Nurnberg,Augsburg,1,0,H
1290,22,Nurnberg,2011-09-11,FC Koln,Nurnberg,1,2,A
1340,22,Nurnberg,2011-09-17,Nurnberg,Werder Bremen,1,1,D
1294,22,Nurnberg,2011-09-24,M'gladbach,Nurnberg,1,0,H
1416,22,Nurnberg,2011-10-01,Nurnberg,Mainz,3,3,D
1285,22,Nurnberg,2011-10-15,Wolfsburg,Nurnberg,2,1,H
1320,22,Nurnberg,2011-10-22,Nurnberg,Stuttgart,2,2,D
1293,22,Nurnberg,2011-10-29,Bayern Munich,Nurnberg,4,0,H
1210,22,Nurnberg,2011-11-05,Nurnberg,Freiburg,1,2,A
1289,22,Nurnberg,2011-11-19,Schalke 04,Nurnberg,4,0,H
1240,22,Nurnberg,2011-11-26,Nurnberg,Kaiserslautern,1,0,H
1288,22,Nurnberg,2011-12-04,Hamburg,Nurnberg,2,0,H
1649,22,Nurnberg,2011-12-10,Nurnberg,Hoffenheim,0,2,A
1284,22,Nurnberg,2011-12-17,Leverkusen,Nurnberg,0,3,A
1399,22,Nurnberg,2012-01-21,Nurnberg,Hertha,2,0,H
1280,22,Nurnberg,2012-01-27,Hannover,Nurnberg,1,0,H
1112,22,Nurnberg,2012-02-03,Nurnberg,Dortmund,0,2,A
1286,22,Nurnberg,2012-02-12,Augsburg,Nurnberg,0,0,D
1185,22,Nurnberg,2012-02-18,Nurnberg,FC Koln,2,1,H
1282,22,Nurnberg,2012-02-25,Werder Bremen,Nurnberg,0,1,A
1495,22,Nurnberg,2012-03-04,Nurnberg,M'gladbach,1,0,H
1281,22,Nurnberg,2012-03-10,Mainz,Nurnberg,2,1,H
1478,22,Nurnberg,2012-03-17,Nurnberg,Wolfsburg,1,3,A
1287,22,Nurnberg,2012-03-25,Stuttgart,Nurnberg,1,0,H
1092,22,Nurnberg,2012-03-31,Nurnberg,Bayern Munich,0,1,A
1291,22,Nurnberg,2012-04-07,Freiburg,Nurnberg,2,2,D
1297,22,Nurnberg,2012-04-11,Nurnberg,Schalke 04,4,1,H
1279,22,Nurnberg,2012-04-14,Kaiserslautern,Nurnberg,0,2,A
1217,22,Nurnberg,2012-04-21,Nurnberg,Hamburg,1,1,D
1283,22,Nurnberg,2012-04-28,Hoffenheim,Nurnberg,2,3,A
1270,22,Nurnberg,2012-05-05,Nurnberg,Leverkusen,1,4,A
1442,23,Braunschweig,2011-07-17,Braunschweig,Munich 1860,3,1,H
1574,23,Braunschweig,2011-07-24,Aachen,Braunschweig,0,2,A
1171,23,Braunschweig,2011-08-07,Braunschweig,Ein Frankfurt,0,3,A
1584,23,Braunschweig,2011-08-12,Karlsruhe,Braunschweig,1,3,A
1598,23,Braunschweig,2011-08-20,Braunschweig,Erzgebirge Aue,1,1,D
1462,23,Braunschweig,2011-08-28,Braunschweig,St Pauli,1,0,H
1579,23,Braunschweig,2011-09-09,Hansa Rostock,Braunschweig,0,0,D
1515,23,Braunschweig,2011-09-17,Braunschweig,Cottbus,3,1,H
1571,23,Braunschweig,2011-09-23,Frankfurt FSV,Braunschweig,1,1,D
1694,23,Braunschweig,2011-10-03,Braunschweig,Fortuna Dusseldorf,1,1,D
1572,23,Braunschweig,2011-10-14,Paderborn,Braunschweig,1,0,H
1140,23,Braunschweig,2011-10-22,Braunschweig,Dresden,0,2,A
1577,23,Braunschweig,2011-10-31,Greuther Furth,Braunschweig,1,3,A
1562,23,Braunschweig,2011-11-04,Braunschweig,Union Berlin,1,2,A
1568,23,Braunschweig,2011-11-18,Duisburg,Braunschweig,3,0,H
1347,23,Braunschweig,2011-11-27,Braunschweig,Bochum,4,0,H
1582,23,Braunschweig,2011-12-02,Ingolstadt,Braunschweig,0,1,A
1578,23,Braunschweig,2011-12-09,Munich 1860,Braunschweig,3,0,H
1541,23,Braunschweig,2011-12-18,Braunschweig,Aachen,1,1,D
1580,23,Braunschweig,2012-02-05,Ein Frankfurt,Braunschweig,2,1,H
1253,23,Braunschweig,2012-02-11,Braunschweig,Karlsruhe,0,0,D
1583,23,Braunschweig,2012-02-20,Erzgebirge Aue,Braunschweig,1,1,D
1575,23,Braunschweig,2012-02-26,St Pauli,Braunschweig,0,0,D
1388,23,Braunschweig,2012-03-04,Braunschweig,Hansa Rostock,3,2,H
1576,23,Braunschweig,2012-03-11,Cottbus,Braunschweig,1,1,D
1659,23,Braunschweig,2012-03-16,Braunschweig,Frankfurt FSV,0,0,D
1573,23,Braunschweig,2012-03-24,Fortuna Dusseldorf,Braunschweig,1,1,D
1615,23,Braunschweig,2012-03-30,Braunschweig,Paderborn,0,0,D
1570,23,Braunschweig,2012-04-07,Dresden,Braunschweig,2,2,D
1520,23,Braunschweig,2012-04-10,Braunschweig,Greuther Furth,0,0,D
1581,23,Braunschweig,2012-04-13,Union Berlin,Braunschweig,1,0,H
1155,23,Braunschweig,2012-04-20,Braunschweig,Duisburg,0,0,D
1569,23,Braunschweig,2012-04-29,Bochum,Braunschweig,2,0,H
1683,23,Braunschweig,2012-05-06,Braunschweig,Ingolstadt,3,1,H
1167,24,Greuther Furth,2011-07-15,Greuther Furth,Ein Frankfurt,2,3,A
1525,24,Greuther Furth,2011-07-23,Union Berlin,Greuther Furth,0,4,A
1130,24,Greuther Furth,2011-08-06,Greuther Furth,Dresden,1,0,H
1517,24,Greuther Furth,2011-08-13,Paderborn,Greuther Furth,0,1,A
1674,24,Greuther Furth,2011-08-19,Greuther Furth,Ingolstadt,3,0,H
1523,24,Greuther Furth,2011-08-26,Bochum,Greuther Furth,1,4,A
1152,24,Greuther Furth,2011-09-09,Greuther Furth,Duisburg,2,1,H
1529,24,Greuther Furth,2011-09-18,Aachen,Greuther Furth,0,0,D
1437,24,Greuther Furth,2011-09-25,Greuther Furth,Munich 1860,2,0,H
1530,24,Greuther Furth,2011-10-02,Karlsruhe,Greuther Furth,2,2,D
1591,24,Greuther Furth,2011-10-16,Greuther Furth,Erzgebirge Aue,2,0,H
1526,24,Greuther Furth,2011-10-22,Cottbus,Greuther Furth,0,2,A
1577,24,Greuther Furth,2011-10-31,Greuther Furth,Braunschweig,1,3,A
1527,24,Greuther Furth,2011-11-05,St Pauli,Greuther Furth,2,2,D
1655,24,Greuther Furth,2011-11-20,Greuther Furth,Frankfurt FSV,4,0,H
1521,24,Greuther Furth,2011-11-28,Fortuna Dusseldorf,Greuther Furth,2,1,H
1395,24,Greuther Furth,2011-12-03,Greuther Furth,Hansa Rostock,3,0,H
1532,24,Greuther Furth,2011-12-12,Ein Frankfurt,Greuther Furth,0,0,D
1564,24,Greuther Furth,2011-12-16,Greuther Furth,Union Berlin,5,0,H
1519,24,Greuther Furth,2012-02-03,Dresden,Greuther Furth,3,1,H
1611,24,Greuther Furth,2012-02-12,Greuther Furth,Paderborn,5,1,H
1531,24,Greuther Furth,2012-02-19,Ingolstadt,Greuther Furth,0,0,D
1361,24,Greuther Furth,2012-02-25,Greuther Furth,Bochum,6,2,H
1522,24,Greuther Furth,2012-03-02,Duisburg,Greuther Furth,0,2,A
1546,24,Greuther Furth,2012-03-09,Greuther Furth,Aachen,1,0,H
1533,24,Greuther Furth,2012-03-17,Munich 1860,Greuther Furth,1,4,A
1259,24,Greuther Furth,2012-03-24,Greuther Furth,Karlsruhe,3,0,H
1524,24,Greuther Furth,2012-03-31,Erzgebirge Aue,Greuther Furth,1,1,D
1509,24,Greuther Furth,2012-04-05,Greuther Furth,Cottbus,3,0,H
1520,24,Greuther Furth,2012-04-10,Braunschweig,Greuther Furth,0,0,D
1450,24,Greuther Furth,2012-04-13,Greuther Furth,St Pauli,2,1,H
1518,24,Greuther Furth,2012-04-20,Frankfurt FSV,Greuther Furth,1,1,D
1687,24,Greuther Furth,2012-04-29,Greuther Furth,Fortuna Dusseldorf,1,1,D
1528,24,Greuther Furth,2012-05-06,Hansa Rostock,Greuther Furth,2,2,D
1360,25,Fortuna Dusseldorf,2011-07-18,Fortuna Dusseldorf,Bochum,2,0,H
1699,25,Fortuna Dusseldorf,2011-07-24,Paderborn,Fortuna Dusseldorf,1,1,D
1684,25,Fortuna Dusseldorf,2011-08-05,Fortuna Dusseldorf,Ingolstadt,4,1,H
1701,25,Fortuna Dusseldorf,2011-08-15,Ein Frankfurt,Fortuna Dusseldorf,1,1,D
1439,25,Fortuna Dusseldorf,2011-08-19,Fortuna Dusseldorf,Munich 1860,3,1,H
1702,25,Fortuna Dusseldorf,2011-08-27,Aachen,Fortuna Dusseldorf,0,0,D
1255,25,Fortuna Dusseldorf,2011-09-10,Fortuna Dusseldorf,Karlsruhe,4,2,H
1703,25,Fortuna Dusseldorf,2011-09-16,Erzgebirge Aue,Fortuna Dusseldorf,2,4,A
1516,25,Fortuna Dusseldorf,2011-09-24,Fortuna Dusseldorf,Cottbus,4,2,H
1694,25,Fortuna Dusseldorf,2011-10-03,Braunschweig,Fortuna Dusseldorf,1,1,D
1688,25,Fortuna Dusseldorf,2011-10-17,St Pauli,Fortuna Dusseldorf,1,3,A
1381,25,Fortuna Dusseldorf,2011-10-21,Fortuna Dusseldorf,Hansa Rostock,2,0,H
1691,25,Fortuna Dusseldorf,2011-10-30,Frankfurt FSV,Fortuna Dusseldorf,2,5,A
1131,25,Fortuna Dusseldorf,2011-11-04,Fortuna Dusseldorf,Dresden,2,1,H
1697,25,Fortuna Dusseldorf,2011-11-19,Union Berlin,Fortuna Dusseldorf,0,0,D
1521,25,Fortuna Dusseldorf,2011-11-28,Fortuna Dusseldorf,Greuther Furth,2,1,H
1689,25,Fortuna Dusseldorf,2011-12-05,Duisburg,Fortuna Dusseldorf,0,2,A
1700,25,Fortuna Dusseldorf,2011-12-10,Bochum,Fortuna Dusseldorf,1,1,D
1604,25,Fortuna Dusseldorf,2011-12-16,Fortuna Dusseldorf,Paderborn,2,3,A
1693,25,Fortuna Dusseldorf,2012-02-04,Ingolstadt,Fortuna Dusseldorf,1,1,D
1170,25,Fortuna Dusseldorf,2012-02-13,Fortuna Dusseldorf,Ein Frankfurt,1,1,D
1698,25,Fortuna Dusseldorf,2012-02-19,Munich 1860,Fortuna Dusseldorf,2,1,H
1544,25,Fortuna Dusseldorf,2012-02-27,Fortuna Dusseldorf,Aachen,0,0,D
1695,25,Fortuna Dusseldorf,2012-03-03,Karlsruhe,Fortuna Dusseldorf,0,5,A
1601,25,Fortuna Dusseldorf,2012-03-10,Fortuna Dusseldorf,Erzgebirge Aue,3,1,H
1696,25,Fortuna Dusseldorf,2012-03-19,Cottbus,Fortuna Dusseldorf,1,1,D
1573,25,Fortuna Dusseldorf,2012-03-24,Fortuna Dusseldorf,Braunschweig,1,1,D
1464,25,Fortuna Dusseldorf,2012-04-02,Fortuna Dusseldorf,St Pauli,0,0,D
1692,25,Fortuna Dusseldorf,2012-04-05,Hansa Rostock,Fortuna Dusseldorf,2,1,H
1669,25,Fortuna Dusseldorf,2012-04-10,Fortuna Dusseldorf,Frankfurt FSV,1,0,H
1690,25,Fortuna Dusseldorf,2012-04-16,Dresden,Fortuna Dusseldorf,2,1,H
1561,25,Fortuna Dusseldorf,2012-04-22,Fortuna Dusseldorf,Union Berlin,2,1,H
1687,25,Fortuna Dusseldorf,2012-04-29,Greuther Furth,Fortuna Dusseldorf,1,1,D
1158,25,Fortuna Dusseldorf,2012-05-06,Fortuna Dusseldorf,Duisburg,2,2,D
1237,26,Kaiserslautern,2011-08-06,Werder Bremen,Kaiserslautern,2,0,H
1633,26,Kaiserslautern,2011-08-14,Kaiserslautern,Augsburg,1,1,D
1239,26,Kaiserslautern,2011-08-20,FC Koln,Kaiserslautern,1,1,D
1104,26,Kaiserslautern,2011-08-27,Kaiserslautern,Bayern Munich,0,3,A
1236,26,Kaiserslautern,2011-09-10,M'gladbach,Kaiserslautern,1,0,H
1430,26,Kaiserslautern,2011-09-17,Kaiserslautern,Mainz,3,1,H
1242,26,Kaiserslautern,2011-09-24,Wolfsburg,Kaiserslautern,1,0,H
1319,26,Kaiserslautern,2011-09-30,Kaiserslautern,Stuttgart,0,2,A
1232,26,Kaiserslautern,2011-10-15,Schalke 04,Kaiserslautern,1,2,A
1202,26,Kaiserslautern,2011-10-22,Kaiserslautern,Freiburg,1,0,H
1231,26,Kaiserslautern,2011-10-30,Hamburg,Kaiserslautern,1,1,D
1238,26,Kaiserslautern,2011-11-05,Hoffenheim,Kaiserslautern,1,1,D
1265,26,Kaiserslautern,2011-11-18,Kaiserslautern,Leverkusen,0,2,A
1240,26,Kaiserslautern,2011-11-26,Nurnberg,Kaiserslautern,1,0,H
1411,26,Kaiserslautern,2011-12-03,Kaiserslautern,Hertha,1,1,D
1233,26,Kaiserslautern,2011-12-11,Dortmund,Kaiserslautern,1,1,D
1370,26,Kaiserslautern,2011-12-18,Kaiserslautern,Hannover,1,1,D
1337,26,Kaiserslautern,2012-01-21,Kaiserslautern,Werder Bremen,0,0,D
1228,26,Kaiserslautern,2012-01-28,Augsburg,Kaiserslautern,2,2,D
1186,26,Kaiserslautern,2012-02-05,Kaiserslautern,FC Koln,0,1,A
1235,26,Kaiserslautern,2012-02-11,Bayern Munich,Kaiserslautern,2,0,H
1487,26,Kaiserslautern,2012-02-18,Kaiserslautern,M'gladbach,1,2,A
1230,26,Kaiserslautern,2012-02-25,Mainz,Kaiserslautern,4,0,H
1467,26,Kaiserslautern,2012-03-03,Kaiserslautern,Wolfsburg,0,0,D
1241,26,Kaiserslautern,2012-03-09,Stuttgart,Kaiserslautern,0,0,D
1306,26,Kaiserslautern,2012-03-18,Kaiserslautern,Schalke 04,1,4,A
1243,26,Kaiserslautern,2012-03-24,Freiburg,Kaiserslautern,2,0,H
1215,26,Kaiserslautern,2012-03-31,Kaiserslautern,Hamburg,0,1,A
1642,26,Kaiserslautern,2012-04-07,Kaiserslautern,Hoffenheim,1,2,A
1234,26,Kaiserslautern,2012-04-11,Leverkusen,Kaiserslautern,3,1,H
1279,26,Kaiserslautern,2012-04-14,Kaiserslautern,Nurnberg,0,2,A
1244,26,Kaiserslautern,2012-04-21,Hertha,Kaiserslautern,1,2,A
1125,26,Kaiserslautern,2012-04-28,Kaiserslautern,Dortmund,2,5,A
1229,26,Kaiserslautern,2012-05-05,Hannover,Kaiserslautern,2,1,H
1678,27,St Pauli,2011-07-16,St Pauli,Ingolstadt,2,0,H
1463,27,St Pauli,2011-07-25,Ein Frankfurt,St Pauli,1,1,D
1545,27,St Pauli,2011-08-05,St Pauli,Aachen,3,1,H
1449,27,St Pauli,2011-08-12,Bochum,St Pauli,1,2,A
1150,27,St Pauli,2011-08-22,St Pauli,Duisburg,2,1,H
1462,27,St Pauli,2011-08-28,Braunschweig,St Pauli,1,0,H
1448,27,St Pauli,2011-09-11,St Pauli,Munich 1860,4,2,H
1458,27,St Pauli,2011-09-19,Karlsruhe,St Pauli,0,2,A
1589,27,St Pauli,2011-09-23,St Pauli,Erzgebirge Aue,2,3,A
1454,27,St Pauli,2011-10-01,Cottbus,St Pauli,1,4,A
1688,27,St Pauli,2011-10-17,St Pauli,Fortuna Dusseldorf,1,3,A
1658,27,St Pauli,2011-10-23,St Pauli,Frankfurt FSV,2,1,H
1459,27,St Pauli,2011-10-28,Union Berlin,St Pauli,0,2,A
1527,27,St Pauli,2011-11-05,St Pauli,Greuther Furth,2,2,D
1461,27,St Pauli,2011-11-19,Hansa Rostock,St Pauli,1,3,A
1134,27,St Pauli,2011-11-27,St Pauli,Dresden,3,1,H
1453,27,St Pauli,2011-12-02,Paderborn,St Pauli,1,1,D
1456,27,St Pauli,2011-12-11,Ingolstadt,St Pauli,1,0,H
1173,27,St Pauli,2011-12-19,St Pauli,Ein Frankfurt,2,0,H
1465,27,St Pauli,2012-02-04,Aachen,St Pauli,2,1,H
1353,27,St Pauli,2012-02-12,St Pauli,Bochum,2,1,H
1457,27,St Pauli,2012-02-17,Duisburg,St Pauli,0,1,A
1575,27,St Pauli,2012-02-26,St Pauli,Braunschweig,0,0,D
1452,27,St Pauli,2012-03-05,Munich 1860,St Pauli,1,1,D
1256,27,St Pauli,2012-03-12,St Pauli,Karlsruhe,1,0,H
1451,27,St Pauli,2012-03-18,Erzgebirge Aue,St Pauli,2,1,H
1511,27,St Pauli,2012-03-25,St Pauli,Cottbus,0,0,D
1464,27,St Pauli,2012-04-02,Fortuna Dusseldorf,St Pauli,0,0,D
1455,27,St Pauli,2012-04-07,Frankfurt FSV,St Pauli,3,3,D
1567,27,St Pauli,2012-04-10,St Pauli,Union Berlin,2,1,H
1450,27,St Pauli,2012-04-13,Greuther Furth,St Pauli,2,1,H
1397,27,St Pauli,2012-04-22,St Pauli,Hansa Rostock,3,0,H
1460,27,St Pauli,2012-04-29,Dresden,St Pauli,1,0,H
1610,27,St Pauli,2012-05-06,St Pauli,Paderborn,5,0,H
1360,28,Bochum,2011-07-18,Fortuna Dusseldorf,Bochum,2,0,H
1667,28,Bochum,2011-07-22,Bochum,Frankfurt FSV,1,0,H
1362,28,Bochum,2011-08-08,Hansa Rostock,Bochum,0,0,D
1449,28,Bochum,2011-08-12,Bochum,St Pauli,1,2,A
1354,28,Bochum,2011-08-20,Union Berlin,Bochum,2,1,H
1523,28,Bochum,2011-08-26,Bochum,Greuther Furth,1,4,A
1349,28,Bochum,2011-09-12,Dresden,Bochum,2,1,H
1609,28,Bochum,2011-09-18,Bochum,Paderborn,0,4,A
1154,28,Bochum,2011-09-25,Bochum,Duisburg,2,1,H
1363,28,Bochum,2011-10-01,Ingolstadt,Bochum,3,5,A
1162,28,Bochum,2011-10-14,Bochum,Ein Frankfurt,0,2,A
1352,28,Bochum,2011-10-21,Karlsruhe,Bochum,0,0,D
1548,28,Bochum,2011-10-28,Bochum,Aachen,1,0,H
1357,28,Bochum,2011-11-05,Munich 1860,Bochum,1,3,A
1504,28,Bochum,2011-11-21,Bochum,Cottbus,0,1,A
1347,28,Bochum,2011-11-27,Braunschweig,Bochum,4,0,H
1586,28,Bochum,2011-12-04,Bochum,Erzgebirge Aue,6,0,H
1700,28,Bochum,2011-12-10,Bochum,Fortuna Dusseldorf,1,1,D
1351,28,Bochum,2011-12-17,Frankfurt FSV,Bochum,0,2,A
1384,28,Bochum,2012-02-05,Bochum,Hansa Rostock,2,1,H
1353,28,Bochum,2012-02-12,St Pauli,Bochum,2,1,H
1560,28,Bochum,2012-02-18,Bochum,Union Berlin,4,2,H
1361,28,Bochum,2012-02-25,Greuther Furth,Bochum,6,2,H
1127,28,Bochum,2012-03-02,Bochum,Dresden,0,2,A
1355,28,Bochum,2012-03-09,Paderborn,Bochum,0,0,D
1358,28,Bochum,2012-03-18,Duisburg,Bochum,2,1,H
1670,28,Bochum,2012-03-23,Bochum,Ingolstadt,0,1,A
1350,28,Bochum,2012-03-30,Ein Frankfurt,Bochum,3,0,H
1252,28,Bochum,2012-04-08,Bochum,Karlsruhe,0,0,D
1348,28,Bochum,2012-04-11,Aachen,Bochum,2,0,H
1434,28,Bochum,2012-04-15,Bochum,Munich 1860,2,2,D
1359,28,Bochum,2012-04-20,Cottbus,Bochum,1,1,D
1569,28,Bochum,2012-04-29,Bochum,Braunschweig,2,0,H
1356,28,Bochum,2012-05-06,Erzgebirge Aue,Bochum,2,1,H
1146,29,Karlsruhe,2011-07-17,Karlsruhe,Duisburg,3,2,H
1261,29,Karlsruhe,2011-07-23,Munich 1860,Karlsruhe,2,1,H
1260,29,Karlsruhe,2011-08-07,Erzgebirge Aue,Karlsruhe,0,2,A
1584,29,Karlsruhe,2011-08-12,Karlsruhe,Braunschweig,1,3,A
1257,29,Karlsruhe,2011-08-21,Cottbus,Karlsruhe,2,0,H
1656,29,Karlsruhe,2011-08-27,Karlsruhe,Frankfurt FSV,0,4,A
1255,29,Karlsruhe,2011-09-10,Fortuna Dusseldorf,Karlsruhe,4,2,H
1458,29,Karlsruhe,2011-09-19,Karlsruhe,St Pauli,0,2,A
1248,29,Karlsruhe,2011-09-25,Hansa Rostock,Karlsruhe,1,1,D
1530,29,Karlsruhe,2011-10-02,Karlsruhe,Greuther Furth,2,2,D
1245,29,Karlsruhe,2011-10-15,Union Berlin,Karlsruhe,2,0,H
1352,29,Karlsruhe,2011-10-21,Karlsruhe,Bochum,0,0,D
1254,29,Karlsruhe,2011-10-29,Dresden,Karlsruhe,5,1,H
1673,29,Karlsruhe,2011-11-04,Karlsruhe,Ingolstadt,3,2,H
1246,29,Karlsruhe,2011-11-18,Paderborn,Karlsruhe,2,1,H
1549,29,Karlsruhe,2011-11-26,Karlsruhe,Aachen,0,2,A
1250,29,Karlsruhe,2011-12-03,Ein Frankfurt,Karlsruhe,2,0,H
1249,29,Karlsruhe,2011-12-09,Duisburg,Karlsruhe,3,1,H
1441,29,Karlsruhe,2011-12-17,Karlsruhe,Munich 1860,1,3,A
1599,29,Karlsruhe,2012-02-05,Karlsruhe,Erzgebirge Aue,2,1,H
1253,29,Karlsruhe,2012-02-11,Braunschweig,Karlsruhe,0,0,D
1510,29,Karlsruhe,2012-02-17,Karlsruhe,Cottbus,2,0,H
1258,29,Karlsruhe,2012-02-26,Frankfurt FSV,Karlsruhe,2,1,H
1695,29,Karlsruhe,2012-03-03,Karlsruhe,Fortuna Dusseldorf,0,5,A
1256,29,Karlsruhe,2012-03-12,St Pauli,Karlsruhe,1,0,H
1383,29,Karlsruhe,2012-03-18,Karlsruhe,Hansa Rostock,2,2,D
1259,29,Karlsruhe,2012-03-24,Greuther Furth,Karlsruhe,3,0,H
1559,29,Karlsruhe,2012-04-01,Karlsruhe,Union Berlin,2,0,H
1252,29,Karlsruhe,2012-04-08,Bochum,Karlsruhe,0,0,D
1139,29,Karlsruhe,2012-04-11,Karlsruhe,Dresden,2,0,H
1251,29,Karlsruhe,2012-04-15,Ingolstadt,Karlsruhe,2,1,H
1605,29,Karlsruhe,2012-04-22,Karlsruhe,Paderborn,2,0,H
1247,29,Karlsruhe,2012-04-29,Aachen,Karlsruhe,1,0,H
1168,29,Karlsruhe,2012-05-06,Karlsruhe,Ein Frankfurt,1,0,H
1133,31,Cottbus,2011-07-15,Cottbus,Dresden,2,1,H
1505,31,Cottbus,2011-07-22,Duisburg,Cottbus,1,2,A
1433,31,Cottbus,2011-08-06,Cottbus,Munich 1860,0,5,A
1507,31,Cottbus,2011-08-13,Aachen,Cottbus,0,2,A
1257,31,Cottbus,2011-08-21,Cottbus,Karlsruhe,2,0,H
1508,31,Cottbus,2011-08-29,Erzgebirge Aue,Cottbus,0,0,D
1161,31,Cottbus,2011-09-10,Cottbus,Ein Frankfurt,3,3,D
1515,31,Cottbus,2011-09-17,Braunschweig,Cottbus,3,1,H
1516,31,Cottbus,2011-09-24,Fortuna Dusseldorf,Cottbus,4,2,H
1454,31,Cottbus,2011-10-01,Cottbus,St Pauli,1,4,A
1512,31,Cottbus,2011-10-16,Frankfurt FSV,Cottbus,0,1,A
1526,31,Cottbus,2011-10-22,Cottbus,Greuther Furth,0,2,A
1502,31,Cottbus,2011-10-28,Hansa Rostock,Cottbus,1,1,D
1617,31,Cottbus,2011-11-06,Cottbus,Paderborn,0,2,A
1504,31,Cottbus,2011-11-21,Bochum,Cottbus,0,1,A
1671,31,Cottbus,2011-11-27,Cottbus,Ingolstadt,0,0,D
1513,31,Cottbus,2011-12-02,Union Berlin,Cottbus,1,0,H
1501,31,Cottbus,2011-12-11,Dresden,Cottbus,2,1,H
1145,31,Cottbus,2011-12-18,Cottbus,Duisburg,1,1,D
1500,31,Cottbus,2012-02-06,Munich 1860,Cottbus,2,0,H
1542,31,Cottbus,2012-02-10,Cottbus,Aachen,1,1,D
1510,31,Cottbus,2012-02-17,Karlsruhe,Cottbus,2,0,H
1600,31,Cottbus,2012-02-25,Cottbus,Erzgebirge Aue,2,0,H
1506,31,Cottbus,2012-03-04,Ein Frankfurt,Cottbus,1,0,H
1576,31,Cottbus,2012-03-11,Cottbus,Braunschweig,1,1,D
1696,31,Cottbus,2012-03-19,Cottbus,Fortuna Dusseldorf,1,1,D
1511,31,Cottbus,2012-03-25,St Pauli,Cottbus,0,0,D
1666,31,Cottbus,2012-04-01,Cottbus,Frankfurt FSV,1,1,D
1509,31,Cottbus,2012-04-05,Greuther Furth,Cottbus,3,0,H
1392,31,Cottbus,2012-04-10,Cottbus,Hansa Rostock,0,1,A
1503,31,Cottbus,2012-04-15,Paderborn,Cottbus,3,1,H
1359,31,Cottbus,2012-04-20,Cottbus,Bochum,1,1,D
1514,31,Cottbus,2012-04-29,Ingolstadt,Cottbus,1,0,H
1552,31,Cottbus,2012-05-06,Cottbus,Union Berlin,2,1,H
1146,32,Duisburg,2011-07-17,Karlsruhe,Duisburg,3,2,H
1505,32,Duisburg,2011-07-22,Duisburg,Cottbus,1,2,A
1143,32,Duisburg,2011-08-07,Frankfurt FSV,Duisburg,0,0,D
1385,32,Duisburg,2011-08-14,Duisburg,Hansa Rostock,0,0,D
1150,32,Duisburg,2011-08-22,St Pauli,Duisburg,2,1,H
1142,32,Duisburg,2011-08-26,Duisburg,Dresden,3,0,H
1152,32,Duisburg,2011-09-09,Greuther Furth,Duisburg,2,1,H
1554,32,Duisburg,2011-09-17,Duisburg,Union Berlin,1,1,D
1154,32,Duisburg,2011-09-25,Bochum,Duisburg,2,1,H
1603,32,Duisburg,2011-10-02,Duisburg,Paderborn,0,1,A
1672,32,Duisburg,2011-10-15,Duisburg,Ingolstadt,3,1,H
1151,32,Duisburg,2011-10-23,Ein Frankfurt,Duisburg,3,0,H
1438,32,Duisburg,2011-10-30,Duisburg,Munich 1860,0,3,A
1148,32,Duisburg,2011-11-06,Aachen,Duisburg,2,2,D
1568,32,Duisburg,2011-11-18,Duisburg,Braunschweig,3,0,H
1156,32,Duisburg,2011-11-25,Erzgebirge Aue,Duisburg,1,2,A
1689,32,Duisburg,2011-12-05,Duisburg,Fortuna Dusseldorf,0,2,A
1249,32,Duisburg,2011-12-09,Duisburg,Karlsruhe,3,1,H
1145,32,Duisburg,2011-12-18,Cottbus,Duisburg,1,1,D
1657,32,Duisburg,2012-02-03,Duisburg,Frankfurt FSV,1,2,A
1149,32,Duisburg,2012-02-12,Hansa Rostock,Duisburg,4,2,H
1457,32,Duisburg,2012-02-17,Duisburg,St Pauli,0,1,A
1144,32,Duisburg,2012-02-24,Dresden,Duisburg,2,0,H
1522,32,Duisburg,2012-03-02,Duisburg,Greuther Furth,0,2,A
1159,32,Duisburg,2012-03-09,Union Berlin,Duisburg,1,1,D
1358,32,Duisburg,2012-03-18,Duisburg,Bochum,2,1,H
1157,32,Duisburg,2012-03-25,Paderborn,Duisburg,1,2,A
1153,32,Duisburg,2012-04-01,Ingolstadt,Duisburg,1,1,D
1165,32,Duisburg,2012-04-07,Duisburg,Ein Frankfurt,2,0,H
1147,32,Duisburg,2012-04-11,Munich 1860,Duisburg,2,1,H
1538,32,Duisburg,2012-04-14,Duisburg,Aachen,2,0,H
1155,32,Duisburg,2012-04-20,Braunschweig,Duisburg,0,0,D
1593,32,Duisburg,2012-04-29,Duisburg,Erzgebirge Aue,2,1,H
1158,32,Duisburg,2012-05-06,Fortuna Dusseldorf,Duisburg,2,2,D
1602,33,Hansa Rostock,2011-07-17,Hansa Rostock,Paderborn,1,2,A
1390,33,Hansa Rostock,2011-07-24,Dresden,Hansa Rostock,1,1,D
1362,33,Hansa Rostock,2011-08-08,Hansa Rostock,Bochum,0,0,D
1385,33,Hansa Rostock,2011-08-14,Duisburg,Hansa Rostock,0,0,D
1535,33,Hansa Rostock,2011-08-19,Hansa Rostock,Aachen,0,0,D
1394,33,Hansa Rostock,2011-08-26,Ingolstadt,Hansa Rostock,3,1,H
1579,33,Hansa Rostock,2011-09-09,Hansa Rostock,Braunschweig,0,0,D
1393,33,Hansa Rostock,2011-09-16,Ein Frankfurt,Hansa Rostock,4,1,H
1248,33,Hansa Rostock,2011-09-25,Hansa Rostock,Karlsruhe,1,1,D
1382,33,Hansa Rostock,2011-09-30,Erzgebirge Aue,Hansa Rostock,1,0,H
1436,33,Hansa Rostock,2011-10-14,Hansa Rostock,Munich 1860,2,0,H
1381,33,Hansa Rostock,2011-10-21,Fortuna Dusseldorf,Hansa Rostock,2,0,H
1502,33,Hansa Rostock,2011-10-28,Hansa Rostock,Cottbus,1,1,D
1391,33,Hansa Rostock,2011-11-06,Frankfurt FSV,Hansa Rostock,0,0,D
1461,33,Hansa Rostock,2011-11-19,Hansa Rostock,St Pauli,1,3,A
1553,33,Hansa Rostock,2011-11-25,Hansa Rostock,Union Berlin,2,5,A
1395,33,Hansa Rostock,2011-12-03,Greuther Furth,Hansa Rostock,3,0,H
1387,33,Hansa Rostock,2011-12-09,Paderborn,Hansa Rostock,2,0,H
1126,33,Hansa Rostock,2011-12-18,Hansa Rostock,Dresden,2,2,D
1384,33,Hansa Rostock,2012-02-05,Bochum,Hansa Rostock,2,1,H
1149,33,Hansa Rostock,2012-02-12,Hansa Rostock,Duisburg,4,2,H
1386,33,Hansa Rostock,2012-02-19,Aachen,Hansa Rostock,0,0,D
1685,33,Hansa Rostock,2012-02-24,Hansa Rostock,Ingolstadt,1,2,A
1388,33,Hansa Rostock,2012-03-04,Braunschweig,Hansa Rostock,3,2,H
1174,33,Hansa Rostock,2012-03-11,Hansa Rostock,Ein Frankfurt,1,5,A
1383,33,Hansa Rostock,2012-03-18,Karlsruhe,Hansa Rostock,2,2,D
1588,33,Hansa Rostock,2012-03-25,Hansa Rostock,Erzgebirge Aue,0,1,A
1396,33,Hansa Rostock,2012-03-31,Munich 1860,Hansa Rostock,0,1,A
1692,33,Hansa Rostock,2012-04-05,Hansa Rostock,Fortuna Dusseldorf,2,1,H
1392,33,Hansa Rostock,2012-04-10,Cottbus,Hansa Rostock,0,1,A
1668,33,Hansa Rostock,2012-04-13,Hansa Rostock,Frankfurt FSV,0,5,A
1397,33,Hansa Rostock,2012-04-22,St Pauli,Hansa Rostock,3,0,H
1389,33,Hansa Rostock,2012-04-29,Union Berlin,Hansa Rostock,5,4,H
1528,33,Hansa Rostock,2012-05-06,Hansa Rostock,Greuther Furth,2,2,D
1550,34,Aachen,2011-07-16,Erzgebirge Aue,Aachen,1,0,H
1574,34,Aachen,2011-07-24,Aachen,Braunschweig,0,2,A
1545,34,Aachen,2011-08-05,St Pauli,Aachen,3,1,H
1507,34,Aachen,2011-08-13,Aachen,Cottbus,0,2,A
1535,34,Aachen,2011-08-19,Hansa Rostock,Aachen,0,0,D
1702,34,Aachen,2011-08-27,Aachen,Fortuna Dusseldorf,0,0,D
1537,34,Aachen,2011-09-09,Paderborn,Aachen,0,0,D
1529,34,Aachen,2011-09-18,Aachen,Greuther Furth,0,0,D
1543,34,Aachen,2011-09-24,Union Berlin,Aachen,2,0,H
1662,34,Aachen,2011-09-30,Aachen,Frankfurt FSV,1,3,A
1539,34,Aachen,2011-10-16,Dresden,Aachen,1,1,D
1682,34,Aachen,2011-10-23,Aachen,Ingolstadt,3,1,H
1548,34,Aachen,2011-10-28,Bochum,Aachen,1,0,H
1148,34,Aachen,2011-11-06,Aachen,Duisburg,2,2,D
1534,34,Aachen,2011-11-20,Ein Frankfurt,Aachen,4,3,H
1549,34,Aachen,2011-11-26,Karlsruhe,Aachen,0,2,A
1446,34,Aachen,2011-12-04,Aachen,Munich 1860,2,2,D
1595,34,Aachen,2011-12-11,Aachen,Erzgebirge Aue,1,1,D
1541,34,Aachen,2011-12-18,Braunschweig,Aachen,1,1,D
1465,34,Aachen,2012-02-04,Aachen,St Pauli,2,1,H
1542,34,Aachen,2012-02-10,Cottbus,Aachen,1,1,D
1386,34,Aachen,2012-02-19,Aachen,Hansa Rostock,0,0,D
1544,34,Aachen,2012-02-27,Fortuna Dusseldorf,Aachen,0,0,D
1606,34,Aachen,2012-03-03,Aachen,Paderborn,0,3,A
1546,34,Aachen,2012-03-09,Greuther Furth,Aachen,1,0,H
1557,34,Aachen,2012-03-16,Aachen,Union Berlin,1,3,A
1536,34,Aachen,2012-03-23,Frankfurt FSV,Aachen,2,1,H
1138,34,Aachen,2012-03-30,Aachen,Dresden,0,1,A
1547,34,Aachen,2012-04-08,Ingolstadt,Aachen,3,3,D
1348,34,Aachen,2012-04-11,Aachen,Bochum,2,0,H
1538,34,Aachen,2012-04-14,Duisburg,Aachen,2,0,H
1176,34,Aachen,2012-04-23,Aachen,Ein Frankfurt,0,3,A
1247,34,Aachen,2012-04-29,Aachen,Karlsruhe,1,0,H
1540,34,Aachen,2012-05-06,Munich 1860,Aachen,1,2,A
1551,35,Union Berlin,2011-07-15,Frankfurt FSV,Union Berlin,1,1,D
1525,35,Union Berlin,2011-07-23,Union Berlin,Greuther Furth,0,4,A
1613,35,Union Berlin,2011-08-05,Union Berlin,Paderborn,3,0,H
1563,35,Union Berlin,2011-08-12,Dresden,Union Berlin,4,0,H
1354,35,Union Berlin,2011-08-20,Union Berlin,Bochum,2,1,H
1566,35,Union Berlin,2011-08-28,Munich 1860,Union Berlin,3,1,H
1677,35,Union Berlin,2011-09-11,Union Berlin,Ingolstadt,4,1,H
1554,35,Union Berlin,2011-09-17,Duisburg,Union Berlin,1,1,D
1543,35,Union Berlin,2011-09-24,Union Berlin,Aachen,2,0,H
1565,35,Union Berlin,2011-09-30,Ein Frankfurt,Union Berlin,3,1,H
1245,35,Union Berlin,2011-10-15,Union Berlin,Karlsruhe,2,0,H
1558,35,Union Berlin,2011-10-23,Erzgebirge Aue,Union Berlin,1,1,D
1459,35,Union Berlin,2011-10-28,Union Berlin,St Pauli,0,2,A
1562,35,Union Berlin,2011-11-04,Braunschweig,Union Berlin,1,2,A
1697,35,Union Berlin,2011-11-19,Union Berlin,Fortuna Dusseldorf,0,0,D
1553,35,Union Berlin,2011-11-25,Hansa Rostock,Union Berlin,2,5,A
1513,35,Union Berlin,2011-12-02,Union Berlin,Cottbus,1,0,H
1661,35,Union Berlin,2011-12-10,Union Berlin,Frankfurt FSV,4,0,H
1564,35,Union Berlin,2011-12-16,Greuther Furth,Union Berlin,5,0,H
1556,35,Union Berlin,2012-02-03,Paderborn,Union Berlin,3,2,H
1136,35,Union Berlin,2012-02-11,Union Berlin,Dresden,4,0,H
1560,35,Union Berlin,2012-02-18,Bochum,Union Berlin,4,2,H
1445,35,Union Berlin,2012-02-24,Union Berlin,Munich 1860,0,1,A
1555,35,Union Berlin,2012-03-02,Ingolstadt,Union Berlin,3,3,D
1159,35,Union Berlin,2012-03-09,Union Berlin,Duisburg,1,1,D
1557,35,Union Berlin,2012-03-16,Aachen,Union Berlin,1,3,A
1166,35,Union Berlin,2012-03-26,Union Berlin,Ein Frankfurt,0,4,A
1559,35,Union Berlin,2012-04-01,Karlsruhe,Union Berlin,2,0,H
1585,35,Union Berlin,2012-04-05,Union Berlin,Erzgebirge Aue,1,0,H
1567,35,Union Berlin,2012-04-10,St Pauli,Union Berlin,2,1,H
1581,35,Union Berlin,2012-04-13,Union Berlin,Braunschweig,1,0,H
1561,35,Union Berlin,2012-04-22,Fortuna Dusseldorf,Union Berlin,2,1,H
1389,35,Union Berlin,2012-04-29,Union Berlin,Hansa Rostock,5,4,H
1552,35,Union Berlin,2012-05-06,Cottbus,Union Berlin,2,1,H
1133,37,Dresden,2011-07-15,Cottbus,Dresden,2,1,H
1390,37,Dresden,2011-07-24,Dresden,Hansa Rostock,1,1,D
1130,37,Dresden,2011-08-06,Greuther Furth,Dresden,1,0,H
1563,37,Dresden,2011-08-12,Dresden,Union Berlin,4,0,H
1607,37,Dresden,2011-08-21,Dresden,Paderborn,1,2,A
1142,37,Dresden,2011-08-26,Duisburg,Dresden,3,0,H
1349,37,Dresden,2011-09-12,Dresden,Bochum,2,1,H
1132,37,Dresden,2011-09-16,Ingolstadt,Dresden,4,2,H
1164,37,Dresden,2011-09-26,Dresden,Ein Frankfurt,1,4,A
1137,37,Dresden,2011-10-02,Munich 1860,Dresden,2,4,A
1539,37,Dresden,2011-10-16,Dresden,Aachen,1,1,D
1140,37,Dresden,2011-10-22,Braunschweig,Dresden,0,2,A
1254,37,Dresden,2011-10-29,Dresden,Karlsruhe,5,1,H
1131,37,Dresden,2011-11-04,Fortuna Dusseldorf,Dresden,2,1,H
1597,37,Dresden,2011-11-20,Dresden,Erzgebirge Aue,1,2,A
1134,37,Dresden,2011-11-27,St Pauli,Dresden,3,1,H
1653,37,Dresden,2011-12-04,Dresden,Frankfurt FSV,2,2,D
1501,37,Dresden,2011-12-11,Dresden,Cottbus,2,1,H
1126,37,Dresden,2011-12-18,Hansa Rostock,Dresden,2,2,D
1519,37,Dresden,2012-02-03,Dresden,Greuther Furth,3,1,H
1136,37,Dresden,2012-02-11,Union Berlin,Dresden,4,0,H
1129,37,Dresden,2012-02-17,Paderborn,Dresden,2,2,D
1144,37,Dresden,2012-02-24,Dresden,Duisburg,2,0,H
1127,37,Dresden,2012-03-02,Bochum,Dresden,0,2,A
1679,37,Dresden,2012-03-11,Dresden,Ingolstadt,0,0,D
1128,37,Dresden,2012-03-16,Ein Frankfurt,Dresden,3,0,H
1435,37,Dresden,2012-03-23,Dresden,Munich 1860,0,1,A
1138,37,Dresden,2012-03-30,Aachen,Dresden,0,1,A
1570,37,Dresden,2012-04-07,Dresden,Braunschweig,2,2,D
1139,37,Dresden,2012-04-11,Karlsruhe,Dresden,2,0,H
1690,37,Dresden,2012-04-16,Dresden,Fortuna Dusseldorf,2,1,H
1141,37,Dresden,2012-04-21,Erzgebirge Aue,Dresden,1,1,D
1460,37,Dresden,2012-04-29,Dresden,St Pauli,1,0,H
1135,37,Dresden,2012-05-06,Frankfurt FSV,Dresden,1,1,D
1550,39,Erzgebirge Aue,2011-07-16,Erzgebirge Aue,Aachen,1,0,H
1596,39,Erzgebirge Aue,2011-07-22,Ingolstadt,Erzgebirge Aue,0,0,D
1260,39,Erzgebirge Aue,2011-08-07,Erzgebirge Aue,Karlsruhe,0,2,A
1590,39,Erzgebirge Aue,2011-08-14,Munich 1860,Erzgebirge Aue,4,0,H
1598,39,Erzgebirge Aue,2011-08-20,Braunschweig,Erzgebirge Aue,1,1,D
1508,39,Erzgebirge Aue,2011-08-29,Erzgebirge Aue,Cottbus,0,0,D
1587,39,Erzgebirge Aue,2011-09-11,Frankfurt FSV,Erzgebirge Aue,1,1,D
1703,39,Erzgebirge Aue,2011-09-16,Erzgebirge Aue,Fortuna Dusseldorf,2,4,A
1589,39,Erzgebirge Aue,2011-09-23,St Pauli,Erzgebirge Aue,2,3,A
1382,39,Erzgebirge Aue,2011-09-30,Erzgebirge Aue,Hansa Rostock,1,0,H
1591,39,Erzgebirge Aue,2011-10-16,Greuther Furth,Erzgebirge Aue,2,0,H
1558,39,Erzgebirge Aue,2011-10-23,Erzgebirge Aue,Union Berlin,1,1,D
1592,39,Erzgebirge Aue,2011-10-29,Paderborn,Erzgebirge Aue,1,0,H
1160,39,Erzgebirge Aue,2011-11-07,Erzgebirge Aue,Ein Frankfurt,1,2,A
1597,39,Erzgebirge Aue,2011-11-20,Dresden,Erzgebirge Aue,1,2,A
1156,39,Erzgebirge Aue,2011-11-25,Erzgebirge Aue,Duisburg,1,2,A
1586,39,Erzgebirge Aue,2011-12-04,Bochum,Erzgebirge Aue,6,0,H
1595,39,Erzgebirge Aue,2011-12-11,Aachen,Erzgebirge Aue,1,1,D
1676,39,Erzgebirge Aue,2011-12-16,Erzgebirge Aue,Ingolstadt,1,1,D
1599,39,Erzgebirge Aue,2012-02-05,Karlsruhe,Erzgebirge Aue,2,1,H
1583,39,Erzgebirge Aue,2012-02-20,Erzgebirge Aue,Braunschweig,1,1,D
1600,39,Erzgebirge Aue,2012-02-25,Cottbus,Erzgebirge Aue,2,0,H
1663,39,Erzgebirge Aue,2012-03-04,Erzgebirge Aue,Frankfurt FSV,4,3,H
1601,39,Erzgebirge Aue,2012-03-10,Fortuna Dusseldorf,Erzgebirge Aue,3,1,H
1440,39,Erzgebirge Aue,2012-03-14,Erzgebirge Aue,Munich 1860,0,0,D
1451,39,Erzgebirge Aue,2012-03-18,Erzgebirge Aue,St Pauli,2,1,H
1588,39,Erzgebirge Aue,2012-03-25,Hansa Rostock,Erzgebirge Aue,0,1,A
1524,39,Erzgebirge Aue,2012-03-31,Erzgebirge Aue,Greuther Furth,1,1,D
1585,39,Erzgebirge Aue,2012-04-05,Union Berlin,Erzgebirge Aue,1,0,H
1614,39,Erzgebirge Aue,2012-04-11,Erzgebirge Aue,Paderborn,0,2,A
1594,39,Erzgebirge Aue,2012-04-14,Ein Frankfurt,Erzgebirge Aue,4,0,H
1141,39,Erzgebirge Aue,2012-04-21,Erzgebirge Aue,Dresden,1,1,D
1593,39,Erzgebirge Aue,2012-04-29,Duisburg,Erzgebirge Aue,2,1,H
1356,39,Erzgebirge Aue,2012-05-06,Erzgebirge Aue,Bochum,2,1,H
1442,42,Munich 1860,2011-07-17,Braunschweig,Munich 1860,3,1,H
1261,42,Munich 1860,2011-07-23,Munich 1860,Karlsruhe,2,1,H
1433,42,Munich 1860,2011-08-06,Cottbus,Munich 1860,0,5,A
1590,42,Munich 1860,2011-08-14,Munich 1860,Erzgebirge Aue,4,0,H
1439,42,Munich 1860,2011-08-19,Fortuna Dusseldorf,Munich 1860,3,1,H
1566,42,Munich 1860,2011-08-28,Munich 1860,Union Berlin,3,1,H
1448,42,Munich 1860,2011-09-11,St Pauli,Munich 1860,4,2,H
1654,42,Munich 1860,2011-09-18,Munich 1860,Frankfurt FSV,4,0,H
1437,42,Munich 1860,2011-09-25,Greuther Furth,Munich 1860,2,0,H
1137,42,Munich 1860,2011-10-02,Munich 1860,Dresden,2,4,A
1436,42,Munich 1860,2011-10-14,Hansa Rostock,Munich 1860,2,0,H
1616,42,Munich 1860,2011-10-21,Munich 1860,Paderborn,1,1,D
1438,42,Munich 1860,2011-10-30,Duisburg,Munich 1860,0,3,A
1357,42,Munich 1860,2011-11-05,Munich 1860,Bochum,1,3,A
1447,42,Munich 1860,2011-11-18,Ingolstadt,Munich 1860,0,1,A
1175,42,Munich 1860,2011-11-26,Munich 1860,Ein Frankfurt,2,1,H
1446,42,Munich 1860,2011-12-04,Aachen,Munich 1860,2,2,D
1578,42,Munich 1860,2011-12-09,Munich 1860,Braunschweig,3,0,H
1441,42,Munich 1860,2011-12-17,Karlsruhe,Munich 1860,1,3,A
1500,42,Munich 1860,2012-02-06,Munich 1860,Cottbus,2,0,H
1698,42,Munich 1860,2012-02-19,Munich 1860,Fortuna Dusseldorf,2,1,H
1445,42,Munich 1860,2012-02-24,Union Berlin,Munich 1860,0,1,A
1452,42,Munich 1860,2012-03-05,Munich 1860,St Pauli,1,1,D
1443,42,Munich 1860,2012-03-10,Frankfurt FSV,Munich 1860,3,1,H
1440,42,Munich 1860,2012-03-14,Erzgebirge Aue,Munich 1860,0,0,D
1533,42,Munich 1860,2012-03-17,Munich 1860,Greuther Furth,1,4,A
1435,42,Munich 1860,2012-03-23,Dresden,Munich 1860,0,1,A
1396,42,Munich 1860,2012-03-31,Munich 1860,Hansa Rostock,0,1,A
1444,42,Munich 1860,2012-04-08,Paderborn,Munich 1860,2,2,D
1147,42,Munich 1860,2012-04-11,Munich 1860,Duisburg,2,1,H
1434,42,Munich 1860,2012-04-15,Bochum,Munich 1860,2,2,D
1686,42,Munich 1860,2012-04-21,Munich 1860,Ingolstadt,4,1,H
1432,42,Munich 1860,2012-04-29,Ein Frankfurt,Munich 1860,0,2,A
1540,42,Munich 1860,2012-05-06,Munich 1860,Aachen,1,2,A
1551,44,Frankfurt FSV,2011-07-15,Frankfurt FSV,Union Berlin,1,1,D
1667,44,Frankfurt FSV,2011-07-22,Bochum,Frankfurt FSV,1,0,H
1143,44,Frankfurt FSV,2011-08-07,Frankfurt FSV,Duisburg,0,0,D
1660,44,Frankfurt FSV,2011-08-14,Ingolstadt,Frankfurt FSV,1,1,D
1163,44,Frankfurt FSV,2011-08-21,Frankfurt FSV,Ein Frankfurt,0,4,A
1656,44,Frankfurt FSV,2011-08-27,Karlsruhe,Frankfurt FSV,0,4,A
1587,44,Frankfurt FSV,2011-09-11,Frankfurt FSV,Erzgebirge Aue,1,1,D
1654,44,Frankfurt FSV,2011-09-18,Munich 1860,Frankfurt FSV,4,0,H
1571,44,Frankfurt FSV,2011-09-23,Frankfurt FSV,Braunschweig,1,1,D
1662,44,Frankfurt FSV,2011-09-30,Aachen,Frankfurt FSV,1,3,A
1512,44,Frankfurt FSV,2011-10-16,Frankfurt FSV,Cottbus,0,1,A
1658,44,Frankfurt FSV,2011-10-23,St Pauli,Frankfurt FSV,2,1,H
1691,44,Frankfurt FSV,2011-10-30,Frankfurt FSV,Fortuna Dusseldorf,2,5,A
1391,44,Frankfurt FSV,2011-11-06,Frankfurt FSV,Hansa Rostock,0,0,D
1655,44,Frankfurt FSV,2011-11-20,Greuther Furth,Frankfurt FSV,4,0,H
1612,44,Frankfurt FSV,2011-11-25,Frankfurt FSV,Paderborn,2,2,D
1653,44,Frankfurt FSV,2011-12-04,Dresden,Frankfurt FSV,2,2,D
1661,44,Frankfurt FSV,2011-12-10,Union Berlin,Frankfurt FSV,4,0,H
1351,44,Frankfurt FSV,2011-12-17,Frankfurt FSV,Bochum,0,2,A
1657,44,Frankfurt FSV,2012-02-03,Duisburg,Frankfurt FSV,1,2,A
1675,44,Frankfurt FSV,2012-02-10,Frankfurt FSV,Ingolstadt,1,1,D
1664,44,Frankfurt FSV,2012-02-18,Ein Frankfurt,Frankfurt FSV,6,1,H
1258,44,Frankfurt FSV,2012-02-26,Frankfurt FSV,Karlsruhe,2,1,H
1663,44,Frankfurt FSV,2012-03-04,Erzgebirge Aue,Frankfurt FSV,4,3,H
1443,44,Frankfurt FSV,2012-03-10,Frankfurt FSV,Munich 1860,3,1,H
1659,44,Frankfurt FSV,2012-03-16,Braunschweig,Frankfurt FSV,0,0,D
1536,44,Frankfurt FSV,2012-03-23,Frankfurt FSV,Aachen,2,1,H
1666,44,Frankfurt FSV,2012-04-01,Cottbus,Frankfurt FSV,1,1,D
1455,44,Frankfurt FSV,2012-04-07,Frankfurt FSV,St Pauli,3,3,D
1669,44,Frankfurt FSV,2012-04-10,Fortuna Dusseldorf,Frankfurt FSV,1,0,H
1668,44,Frankfurt FSV,2012-04-13,Hansa Rostock,Frankfurt FSV,0,5,A
1518,44,Frankfurt FSV,2012-04-20,Frankfurt FSV,Greuther Furth,1,1,D
1665,44,Frankfurt FSV,2012-04-29,Paderborn,Frankfurt FSV,1,0,H
1135,44,Frankfurt FSV,2012-05-06,Frankfurt FSV,Dresden,1,1,D
